"participant_id","scene","position","code"
"p1","scene1",1,"1. BGN"
"p1","scene1",2,"2. ORI"
"p1","scene1",3,"3. PLAN"
"p1","scene1",4,"4. PROC"
"p1","scene1",5,"5. PROC"
"p1","scene1",6,"6. PROC"
"p1","scene1",7,"7. PROC"
"p1","scene1",8,"8. PROC"
"p1","scene1",9,"9. PROC"
"p1","scene1",10,"10. PROC"
"p1","scene1",11,"11. PROC"
"p1","scene1",12,"12. META"
"p1","scene1",13,"13. HYPO"
"p1","scene1",14,"14. DEC"
"p1","scene1",15,"15. HYPO"
"p1","scene1",16,"16. DEC"
"p1","scene1",17,"17. RUL"
"p1","scene1",18,"18. META"
"p1","scene1",19,"19. FIN"
"p1","scene2",1,"1. BGN"
"p1","scene2",2,"2. PLAN"
"p1","scene2",3,"3. PROC"
"p1","scene2",4,"4. PROC"
"p1","scene2",5,"5. PROC"
"p1","scene2",6,"6. PROC"
"p1","scene2",7,"7. PROC"
"p1","scene2",8,"8. PROC"
"p1","scene2",9,"9. EVAL"
"p1","scene2",10,"10. EVAL"
"p1","scene2",11,"11. HYPO"
"p1","scene2",12,"12. PROC"
"p1","scene2",13,"13. HYPO"
"p1","scene2",14,"14. DEC"
"p1","scene2",15,"15. META"
"p1","scene2",16,"16. RUL"
"p1","scene2",17,"17. FIN"
"p1","scene3",1,"1. BGN"
"p1","scene3",2,"2. PROC"
"p1","scene3",3,"3. PROC"
"p1","scene3",4,"4. PROC"
"p1","scene3",5,"5. PROC"
"p1","scene3",6,"6. PROC"
"p1","scene3",7,"7. PROC"
"p1","scene3",8,"8. EVAL"
"p1","scene3",9,"9. HYPO"
"p1","scene3",10,"10. EVAL"
"p1","scene3",11,"11. EVAL"
"p1","scene3",12,"12. DEC"
"p1","scene3",13,"13. META"
"p1","scene3",14,"14. EVAL"
"p1","scene3",15,"15. RUL"
"p1","scene3",16,"16. FIN"
"p1","scene4",1,"1. BGN"
"p1","scene4",2,"2. PROC"
"p1","scene4",3,"3. PROC"
"p1","scene4",4,"4. PROC"
"p1","scene4",5,"5. PROC"
"p1","scene4",6,"6. PROC"
"p1","scene4",7,"7. PROC"
"p1","scene4",8,"8. PROC"
"p1","scene4",9,"9. META"
"p1","scene4",10,"10. EVAL"
"p1","scene4",11,"11. EVAL"
"p1","scene4",12,"12. PROC"
"p1","scene4",13,"13. PROC"
"p1","scene4",14,"14. HYPO"
"p1","scene4",15,"15. RUL"
"p1","scene4",16,"16. DEC"
"p1","scene4",17,"17. FIN"
"p1","scene5",1,"1. BGN"
"p1","scene5",2,"2. PLAN"
"p1","scene5",3,"3. PROC"
"p1","scene5",4,"4. PROC"
"p1","scene5",5,"5. PROC"
"p1","scene5",6,"6. PROC"
"p1","scene5",7,"7. PROC"
"p1","scene5",8,"8. PROC"
"p1","scene5",9,"9. HYPO"
"p1","scene5",10,"10. META"
"p1","scene5",11,"11. PROC"
"p1","scene5",12,"12. PROC"
"p1","scene5",13,"13. PROC"
"p1","scene5",14,"14. HYPO"
"p1","scene5",15,"15. EVAL"
"p1","scene5",16,"16. RUL"
"p1","scene5",17,"17. HYPO"
"p1","scene5",18,"18. RUL"
"p1","scene5",19,"19. FIN"
"p2","scene1",1,"1. BGN"
"p2","scene1",2,"2. ORI"
"p2","scene1",3,"3. PROC"
"p2","scene1",4,"4. PLAN"
"p2","scene1",5,"5. PROC"
"p2","scene1",6,"6. PLAN"
"p2","scene1",7,"7. PROC"
"p2","scene1",8,"8. PROC"
"p2","scene1",9,"9. HYPO"
"p2","scene1",10,"10. PLAN"
"p2","scene1",11,"11. PROC"
"p2","scene1",12,"12. PROC"
"p2","scene1",13,"13. HYPO"
"p2","scene1",14,"14. PROC"
"p2","scene1",15,"15. PLAN"
"p2","scene1",16,"16. HYPO"
"p2","scene1",17,"17. PROC"
"p2","scene1",18,"18. PROC"
"p2","scene1",19,"19. PROC"
"p2","scene1",20,"20. PROC"
"p2","scene1",21,"21. EVAL"
"p2","scene1",22,"22. DEC"
"p2","scene1",23,"23. RUL"
"p2","scene1",24,"24. META"
"p2","scene1",25,"25. FIN"
"p2","scene2",1,"1. BGN"
"p2","scene2",2,"2. ORI"
"p2","scene2",3,"3. PROC"
"p2","scene2",4,"4. PLAN"
"p2","scene2",5,"5. PLAN"
"p2","scene2",6,"6. PROC"
"p2","scene2",7,"7. PROC"
"p2","scene2",8,"8. PROC"
"p2","scene2",9,"9. HYPO"
"p2","scene2",10,"10. EVAL"
"p2","scene2",11,"11. DEC"
"p2","scene2",12,"12. EVAL"
"p2","scene2",13,"13. HYPO"
"p2","scene2",14,"14. DEC"
"p2","scene2",15,"15. EVAL"
"p2","scene2",16,"16. RUL"
"p2","scene2",17,"17. META"
"p2","scene2",18,"18. EVAL"
"p2","scene2",19,"19. PROC"
"p2","scene2",20,"20. EVAL"
"p2","scene2",21,"21. META"
"p2","scene2",22,"22. EVAL"
"p2","scene2",23,"23. META"
"p2","scene2",24,"24. HYPO"
"p2","scene2",25,"25. PROC"
"p2","scene2",26,"26. DEC"
"p2","scene2",27,"27. META"
"p2","scene2",28,"28. FIN"
"p2","scene3",1,"1. BGN"
"p2","scene3",2,"2. ORI"
"p2","scene3",3,"3. PROC"
"p2","scene3",4,"4. PROC"
"p2","scene3",5,"5. EVAL"
"p2","scene3",6,"6. EVAL"
"p2","scene3",7,"7. HYPO"
"p2","scene3",8,"8. DEC"
"p2","scene3",9,"9. META"
"p2","scene3",10,"10. HYPO"
"p2","scene3",11,"11. PROC"
"p2","scene3",12,"12. DEC"
"p2","scene3",13,"13. EVAL"
"p2","scene3",14,"14. EVAL"
"p2","scene3",15,"15. EVAL"
"p2","scene3",16,"16. EVAL"
"p2","scene3",17,"17. EVAL"
"p2","scene3",18,"18. EVAL"
"p2","scene3",19,"19. EVAL"
"p2","scene3",20,"20. EVAL"
"p2","scene3",21,"21. EVAL"
"p2","scene3",22,"22. PROC"
"p2","scene3",23,"23. DEC"
"p2","scene3",24,"24. FIN"
"p2","scene4",1,"1. BGN"
"p2","scene4",2,"2. ORI"
"p2","scene4",3,"3. PLAN"
"p2","scene4",4,"4. PLAN"
"p2","scene4",5,"5. PROC"
"p2","scene4",6,"6. EVAL"
"p2","scene4",7,"7. HYPO"
"p2","scene4",8,"8. PROC"
"p2","scene4",9,"9. HYPO"
"p2","scene4",10,"10. DEC"
"p2","scene4",11,"11. HYPO"
"p2","scene4",12,"12. DEC"
"p2","scene4",13,"13. HYPO"
"p2","scene4",14,"14. DEC"
"p2","scene4",15,"15. HYPO"
"p2","scene4",16,"16. DEC"
"p2","scene4",17,"17. META"
"p2","scene4",18,"18. HYPO"
"p2","scene4",19,"19. DEC"
"p2","scene4",20,"20. HYPO"
"p2","scene4",21,"21. DEC"
"p2","scene4",22,"22. RUL"
"p2","scene4",23,"23. META"
"p2","scene4",24,"24. META"
"p2","scene4",25,"25. FIN"
"p2","scene5",1,"1. BGN"
"p2","scene5",2,"2. ORI"
"p2","scene5",3,"3. PROC"
"p2","scene5",4,"4. EVAL"
"p2","scene5",5,"5. PROC"
"p2","scene5",6,"6. HYPO"
"p2","scene5",7,"7. PROC"
"p2","scene5",8,"8. DEC"
"p2","scene5",9,"9. HYPO"
"p2","scene5",10,"10. DEC"
"p2","scene5",11,"11. PLAN"
"p2","scene5",12,"12. PROC"
"p2","scene5",13,"13. HYPO"
"p2","scene5",14,"14. DEC"
"p2","scene5",15,"15. META"
"p2","scene5",16,"16. PROC"
"p2","scene5",17,"17. EVAL"
"p2","scene5",18,"18. HYPO"
"p2","scene5",19,"19. DEC"
"p2","scene5",20,"20. HYPO"
"p2","scene5",21,"21. PROC"
"p2","scene5",22,"22. EVAL"
"p2","scene5",23,"23. META"
"p2","scene5",24,"24. EVAL"
"p2","scene5",25,"25. HYPO"
"p2","scene5",26,"26. DEC"
"p2","scene5",27,"27. HYPO"
"p2","scene5",28,"28. PROC"
"p2","scene5",29,"29. DEC"
"p2","scene5",30,"30. FIN"
"p3","scene1",1,"1. BGN"
"p3","scene1",2,"2. PLAN"
"p3","scene1",3,"3. PROC"
"p3","scene1",4,"4. PROC"
"p3","scene1",5,"5. PROC"
"p3","scene1",6,"6. PROC"
"p3","scene1",7,"7. PROC"
"p3","scene1",8,"8. META"
"p3","scene1",9,"9. PROC"
"p3","scene1",10,"10. ORI"
"p3","scene1",11,"11. HYPO"
"p3","scene1",12,"12. FIN"
"p3","scene2",1,"1. BGN"
"p3","scene2",2,"2. PROC"
"p3","scene2",3,"3. PLAN"
"p3","scene2",4,"4. PROC"
"p3","scene2",5,"5. META"
"p3","scene2",6,"6. EVAL"
"p3","scene2",7,"7. HYPO"
"p3","scene2",8,"8. DEC"
"p3","scene2",9,"9. PROC"
"p3","scene2",10,"10. RUL"
"p3","scene2",11,"11. FIN"
"p3","scene3",1,"1. BGN"
"p3","scene3",2,"2. PLAN"
"p3","scene3",3,"3. PROC"
"p3","scene3",4,"4. PROC"
"p3","scene3",5,"5. META"
"p3","scene3",6,"6. HYPO"
"p3","scene3",7,"7. DEC"
"p3","scene3",8,"8. DEC"
"p3","scene3",9,"9. HYPO"
"p3","scene3",10,"10. HYPO"
"p3","scene3",11,"11. META"
"p3","scene3",12,"12. RUL"
"p3","scene3",13,"13. FIN"
"p3","scene4",1,"1. BGN"
"p3","scene4",2,"2. PROC"
"p3","scene4",3,"3. PROC"
"p3","scene4",4,"4. HYPO"
"p3","scene4",5,"5. DEC"
"p3","scene4",6,"6. HYPO"
"p3","scene4",7,"7. RUL"
"p3","scene4",8,"8. META"
"p3","scene4",9,"9. FIN"
"p3","scene5",1,"1. BGN"
"p3","scene5",2,"2. PROC"
"p3","scene5",3,"3. EVAL"
"p3","scene5",4,"4. EVAL"
"p3","scene5",5,"5. HYPO"
"p3","scene5",6,"6. HYPO"
"p3","scene5",7,"7. DEC"
"p3","scene5",8,"8. PROC"
"p3","scene5",9,"9. PROC"
"p3","scene5",10,"10. EVAL"
"p3","scene5",11,"11. PROC"
"p3","scene5",12,"12. HYPO"
"p3","scene5",13,"13. DEC"
"p3","scene5",14,"14. DEC"
"p3","scene5",15,"15. FIN"
"p4","scene1",1,"01:BGN"
"p4","scene1",2,"02:ORI"
"p4","scene1",3,"03:PROC"
"p4","scene1",4,"04:PROC"
"p4","scene1",5,"05:PROC"
"p4","scene1",6,"06:PROC"
"p4","scene1",7,"07:EVAL"
"p4","scene1",8,"08:PROC"
"p4","scene1",9,"09:PROC"
"p4","scene1",10,"10:PROC"
"p4","scene1",11,"11:HYPO"
"p4","scene1",12,"12:PLAN"
"p4","scene1",13,"13:EVAL"
"p4","scene1",14,"14:HYPO"
"p4","scene1",15,"15:PROC"
"p4","scene1",16,"16:PROC"
"p4","scene1",17,"17:DEC"
"p4","scene1",18,"18:EVAL"
"p4","scene1",19,"19:DEC"
"p4","scene1",20,"20:META"
"p4","scene1",21,"21:RUL"
"p4","scene1",22,"22:FIN"
"p4","scene2",1,"01:BGN"
"p4","scene2",2,"02:ORI"
"p4","scene2",3,"03:PROC"
"p4","scene2",4,"04:PLAN"
"p4","scene2",5,"05:PROC"
"p4","scene2",6,"06:PROC"
"p4","scene2",7,"07:PROC"
"p4","scene2",8,"08:EVAL"
"p4","scene2",9,"09:PROC"
"p4","scene2",10,"10:EVAL"
"p4","scene2",11,"11:EVAL"
"p4","scene2",12,"12:PLAN"
"p4","scene2",13,"13:PROC"
"p4","scene2",14,"14:PROC"
"p4","scene2",15,"15:EVAL"
"p4","scene2",16,"16:META"
"p4","scene2",17,"17:PLAN"
"p4","scene2",18,"18:PROC"
"p4","scene2",19,"19:META"
"p4","scene2",20,"20:EVAL"
"p4","scene2",21,"21:PLAN"
"p4","scene2",22,"22:META"
"p4","scene2",23,"23:EVAL"
"p4","scene2",24,"24:META"
"p4","scene2",25,"25:META"
"p4","scene2",26,"26:EVAL"
"p4","scene2",27,"27:HYPO"
"p4","scene2",28,"28:HYPO"
"p4","scene2",29,"29:DEC"
"p4","scene2",30,"30:FIN"
"p4","scene3",1,"01:BGN"
"p4","scene3",2,"02:PROC"
"p4","scene3",3,"03:PROC"
"p4","scene3",4,"04:PROC"
"p4","scene3",5,"05:EVAL"
"p4","scene3",6,"06:PROC"
"p4","scene3",7,"07:EVAL"
"p4","scene3",8,"08:PROC"
"p4","scene3",9,"09:EVAL"
"p4","scene3",10,"10:PROC"
"p4","scene3",11,"11:PROC"
"p4","scene3",12,"12:HYPO"
"p4","scene3",13,"13:HYPO"
"p4","scene3",14,"14:PROC"
"p4","scene3",15,"15:PROC"
"p4","scene3",16,"16:PROC"
"p4","scene3",17,"17:HYPO"
"p4","scene3",18,"18:PROC"
"p4","scene3",19,"19:PROC"
"p4","scene3",20,"20:DEC"
"p4","scene3",21,"21:PROC"
"p4","scene3",22,"22:EVAL"
"p4","scene3",23,"23:EVAL"
"p4","scene3",24,"24:META"
"p4","scene3",25,"25:META"
"p4","scene3",26,"26:HYPO"
"p4","scene3",27,"27:EVAL"
"p4","scene3",28,"28:HYPO"
"p4","scene3",29,"29:META"
"p4","scene3",30,"30:EVAL"
"p4","scene3",31,"31:FIN"
"p4","scene4",1,"01:BGN"
"p4","scene4",2,"02:PLAN"
"p4","scene4",3,"03:PLAN"
"p4","scene4",4,"04:PROC"
"p4","scene4",5,"05:PROC"
"p4","scene4",6,"06:PROC"
"p4","scene4",7,"07:META"
"p4","scene4",8,"08:PROC"
"p4","scene4",9,"09:META"
"p4","scene4",10,"10:PROC"
"p4","scene4",11,"11:HYPO"
"p4","scene4",12,"12:DEC"
"p4","scene4",13,"13:PLAN"
"p4","scene4",14,"14:PROC"
"p4","scene4",15,"15:PROC"
"p4","scene4",16,"16:PROC"
"p4","scene4",17,"17:EVAL"
"p4","scene4",18,"18:PROC"
"p4","scene4",19,"19:EVAL"
"p4","scene4",20,"20:META"
"p4","scene4",21,"21:PLAN"
"p4","scene4",22,"22:RUL"
"p4","scene4",23,"23:HYPO"
"p4","scene4",24,"24:FIN"
"p4","scene5",1,"01:BGN"
"p4","scene5",2,"02:META"
"p4","scene5",3,"03:PLAN"
"p4","scene5",4,"04:PROC"
"p4","scene5",5,"05:EVAL"
"p4","scene5",6,"06:PROC"
"p4","scene5",7,"07:PROC"
"p4","scene5",8,"08:PROC"
"p4","scene5",9,"09:EVAL"
"p4","scene5",10,"10:META"
"p4","scene5",11,"11:PROC"
"p4","scene5",12,"12:PROC"
"p4","scene5",13,"13:EVAL"
"p4","scene5",14,"14:EVAL"
"p4","scene5",15,"15:PLAN"
"p4","scene5",16,"16:PROC"
"p4","scene5",17,"17:EVAL"
"p4","scene5",18,"18:PLAN"
"p4","scene5",19,"19:PROC"
"p4","scene5",20,"20:PROC"
"p4","scene5",21,"21:EVAL"
"p4","scene5",22,"22:META"
"p4","scene5",23,"23:EVAL"
"p4","scene5",24,"24:META"
"p4","scene5",25,"25:META"
"p4","scene5",26,"26:EVAL"
"p4","scene5",27,"27:META"
"p4","scene5",28,"28:DEC"
"p4","scene5",29,"29:FIN"
"p5","scene1",1,"01:BGN"
"p5","scene1",2,"02:PROC"
"p5","scene1",3,"03:PLAN"
"p5","scene1",4,"04:HYPO"
"p5","scene1",5,"05:DEC"
"p5","scene1",6,"06:ORI"
"p5","scene1",7,"07:META"
"p5","scene1",8,"08:META"
"p5","scene1",9,"09:RUL"
"p5","scene1",10,"10:FIN"
"p5","scene2",1,"01:BGN"
"p5","scene2",2,"02:PROC"
"p5","scene2",3,"03:EVAL"
"p5","scene2",4,"04:HYPO"
"p5","scene2",5,"05:DEC"
"p5","scene2",6,"06:PROC"
"p5","scene2",7,"07:PROC"
"p5","scene2",8,"08:PROC"
"p5","scene2",9,"09:RUL"
"p5","scene2",10,"10:FIN"
"p5","scene3",1,"01:BGN"
"p5","scene3",2,"02:PROC"
"p5","scene3",3,"03:EVAL"
"p5","scene3",4,"04:HYPO"
"p5","scene3",5,"05:DEC"
"p5","scene3",6,"06:RUL"
"p5","scene3",7,"07:DEC"
"p5","scene3",8,"08:RUL"
"p5","scene3",9,"09:FIN"
"p5","scene4",1,"01:BGN"
"p5","scene4",2,"02:PROC"
"p5","scene4",3,"03:PLAN"
"p5","scene4",4,"04:PROC"
"p5","scene4",5,"05:PROC"
"p5","scene4",6,"06:PROC"
"p5","scene4",7,"07:PROC"
"p5","scene4",8,"08:PROC"
"p5","scene4",9,"09:META"
"p5","scene4",10,"10:HYPO"
"p5","scene4",11,"11:RUL"
"p5","scene4",12,"12:PROC"
"p5","scene4",13,"13:META"
"p5","scene4",14,"14:META"
"p5","scene4",15,"15:META"
"p5","scene4",16,"16:RUL"
"p5","scene4",17,"17:RUL"
"p5","scene4",18,"18:META"
"p5","scene4",19,"19:FIN"
"p5","scene5",1,"01:BGN"
"p5","scene5",2,"02:PROC"
"p5","scene5",3,"03:META"
"p5","scene5",4,"04:PROC"
"p5","scene5",5,"05:PROC"
"p5","scene5",6,"06:HYPO"
"p5","scene5",7,"07:PROC"
"p5","scene5",8,"08:META"
"p5","scene5",9,"09:EVAL"
"p5","scene5",10,"10:MEM"
"p5","scene5",11,"11:MEM"
"p5","scene5",12,"12:RUL"
"p5","scene5",13,"13:PLAN"
"p5","scene5",14,"14:PROC"
"p5","scene5",15,"15:HYPO"
"p5","scene5",16,"16:RUL"
"p5","scene5",17,"17:META"
"p5","scene5",18,"18:MEM"
"p5","scene5",19,"19:META"
"p5","scene5",20,"20:HYPO"
"p5","scene5",21,"21:DEC"
"p5","scene5",22,"22:RUL"
"p5","scene5",23,"23:FIN"
"p6","scene1",1,"01:BGN"
"p6","scene1",2,"02:PROC"
"p6","scene1",3,"03:HYPO"
"p6","scene1",4,"04:PROC"
"p6","scene1",5,"05:DEC"
"p6","scene1",6,"06:PLAN"
"p6","scene1",7,"07:EVAL"
"p6","scene1",8,"08:PROC"
"p6","scene1",9,"09:PROC"
"p6","scene1",10,"10:HYPO"
"p6","scene1",11,"11:RUL"
"p6","scene1",12,"12:FIN"
"p6","scene2",1,"01:BGN"
"p6","scene2",2,"02:PROC"
"p6","scene2",3,"03:PROC"
"p6","scene2",4,"04:EVAL"
"p6","scene2",5,"05:EVAL"
"p6","scene2",6,"06:EVAL"
"p6","scene2",7,"07:PROC"
"p6","scene2",8,"08:EVAL"
"p6","scene2",9,"09:EVAL"
"p6","scene2",10,"10:EVAL"
"p6","scene2",11,"11:META"
"p6","scene2",12,"12:EVAL"
"p6","scene2",13,"13:EVAL"
"p6","scene2",14,"14:META"
"p6","scene2",15,"15:EVAL"
"p6","scene2",16,"16:HYPO"
"p6","scene2",17,"17:DEC"
"p6","scene2",18,"18:META"
"p6","scene2",19,"19:EVAL"
"p6","scene2",20,"20:META"
"p6","scene2",21,"21:EVAL"
"p6","scene2",22,"22:FIN"
"p6","scene3",1,"01:BGN"
"p6","scene3",2,"02:PROC"
"p6","scene3",3,"03:EVAL"
"p6","scene3",4,"04:HYPO"
"p6","scene3",5,"05:PROC"
"p6","scene3",6,"06:DEC"
"p6","scene3",7,"07:PROC"
"p6","scene3",8,"08:EVAL"
"p6","scene3",9,"09:PROC"
"p6","scene3",10,"10:HYPO"
"p6","scene3",11,"11:EVAL"
"p6","scene3",12,"12:HYPO"
"p6","scene3",13,"13:DEC"
"p6","scene3",14,"14:HYPO"
"p6","scene3",15,"15:META"
"p6","scene3",16,"16:HYPO"
"p6","scene3",17,"17:RUL"
"p6","scene3",18,"18:FIN"
"p6","scene4",1,"01:BGN"
"p6","scene4",2,"02:PROC"
"p6","scene4",3,"03:HYPO"
"p6","scene4",4,"04:HYPO"
"p6","scene4",5,"05:PROC"
"p6","scene4",6,"06:HYPO"
"p6","scene4",7,"07:EVAL"
"p6","scene4",8,"08:PROC"
"p6","scene4",9,"09:DEC"
"p6","scene4",10,"10:META"
"p6","scene4",11,"11:HYPO"
"p6","scene4",12,"12:EVAL"
"p6","scene4",13,"13:RUL"
"p6","scene4",14,"14:FIN"
"p6","scene5",1,"01:BGN"
"p6","scene5",2,"02:ORI"
"p6","scene5",3,"03:HYPO"
"p6","scene5",4,"04:EVAL"
"p6","scene5",5,"05:EVAL"
"p6","scene5",6,"06:HYPO"
"p6","scene5",7,"07:HYPO"
"p6","scene5",8,"08:DEC"
"p6","scene5",9,"09:DEC"
"p6","scene5",10,"10:PROC"
"p6","scene5",11,"11:EVAL"
"p6","scene5",12,"12:EVAL"
"p6","scene5",13,"13:DEC"
"p6","scene5",14,"14:DEC"
"p6","scene5",15,"15:RUL"
"p6","scene5",16,"16:FIN"
"p7","scene1",1,"01:BGN"
"p7","scene1",2,"02:ORI"
"p7","scene1",3,"03:PLAN"
"p7","scene1",4,"04:PROC"
"p7","scene1",5,"05:EVAL"
"p7","scene1",6,"06:PLAN"
"p7","scene1",7,"07:META"
"p7","scene1",8,"08:PROC"
"p7","scene1",9,"09:HYPO"
"p7","scene1",10,"10:HYPO"
"p7","scene1",11,"11:DEC"
"p7","scene1",12,"12:PROC"
"p7","scene1",13,"13:EVAL"
"p7","scene1",14,"14:META"
"p7","scene1",15,"15:RUL"
"p7","scene1",16,"16:FIN"
"p7","scene2",1,"01:BGN"
"p7","scene2",2,"02:ORI"
"p7","scene2",3,"03:PLAN"
"p7","scene2",4,"04:PROC"
"p7","scene2",5,"05:HYPO"
"p7","scene2",6,"06:DEC"
"p7","scene2",7,"07:EVAL"
"p7","scene2",8,"08:PLAN"
"p7","scene2",9,"09:EVAL"
"p7","scene2",10,"10:META"
"p7","scene2",11,"11:EVAL"
"p7","scene2",12,"12:PLAN"
"p7","scene2",13,"13:HYPO"
"p7","scene2",14,"14:DEC"
"p7","scene2",15,"15:META"
"p7","scene2",16,"16:EVAL"
"p7","scene2",17,"17:META"
"p7","scene2",18,"18:FIN"
"p7","scene3",1,"01:BGN"
"p7","scene3",2,"02:PROC"
"p7","scene3",3,"03:PROC"
"p7","scene3",4,"04:EVAL"
"p7","scene3",5,"05:PLAN"
"p7","scene3",6,"06:EVAL"
"p7","scene3",7,"07:PLAN"
"p7","scene3",8,"08:EVAL"
"p7","scene3",9,"09:HYPO"
"p7","scene3",10,"10:META"
"p7","scene3",11,"11:HYPO"
"p7","scene3",12,"12:DEC"
"p7","scene3",13,"13:FIN"
"p7","scene4",1,"01:BGN"
"p7","scene4",2,"02:PLAN"
"p7","scene4",3,"03:PROC"
"p7","scene4",4,"04:EVAL"
"p7","scene4",5,"05:PLAN"
"p7","scene4",6,"06:PROC"
"p7","scene4",7,"07:PLAN"
"p7","scene4",8,"08:META"
"p7","scene4",9,"09:EVAL"
"p7","scene4",10,"10:EVAL"
"p7","scene4",11,"11:EVAL"
"p7","scene4",12,"12:META"
"p7","scene4",13,"13:PLAN"
"p7","scene4",14,"14:META"
"p7","scene4",15,"15:META"
"p7","scene4",16,"16:EVAL"
"p7","scene4",17,"17:FIN"
"p7","scene5",1,"01:BGN"
"p7","scene5",2,"02:PLAN"
"p7","scene5",3,"03:HYPO"
"p7","scene5",4,"04:HYPO"
"p7","scene5",5,"05:EVAL"
"p7","scene5",6,"06:DEC"
"p7","scene5",7,"07:PLAN"
"p7","scene5",8,"08:EVAL"
"p7","scene5",9,"09:EVAL"
"p7","scene5",10,"10:RUL"
"p7","scene5",11,"11:FIN"
"p8","scene1",1,"01:BGN"
"p8","scene1",2,"02:ORI"
"p8","scene1",3,"03:PROC"
"p8","scene1",4,"04:PROC"
"p8","scene1",5,"05:PROC"
"p8","scene1",6,"06:EVAL"
"p8","scene1",7,"07:PROC"
"p8","scene1",8,"08:PROC"
"p8","scene1",9,"09:EVAL"
"p8","scene1",10,"10:META"
"p8","scene1",11,"11:HYPO"
"p8","scene1",12,"12:DEC"
"p8","scene1",13,"13:HYPO"
"p8","scene1",14,"14:HYPO"
"p8","scene1",15,"15:RUL"
"p8","scene1",16,"16:FIN"
"p8","scene2",1,"01:BGN"
"p8","scene2",2,"02:PROC"
"p8","scene2",3,"03:PROC"
"p8","scene2",4,"04:PROC"
"p8","scene2",5,"05:PROC"
"p8","scene2",6,"06:META"
"p8","scene2",7,"07:EVAL"
"p8","scene2",8,"08:HYPO"
"p8","scene2",9,"09:DEC"
"p8","scene2",10,"10:META"
"p8","scene2",11,"11:PROC"
"p8","scene2",12,"12:META"
"p8","scene2",13,"13:EVAL"
"p8","scene2",14,"14:META"
"p8","scene2",15,"15:META"
"p8","scene2",16,"16:HYPO"
"p8","scene2",17,"17:DEC"
"p8","scene2",18,"18:DEC"
"p8","scene2",19,"19:RUL"
"p8","scene2",20,"20:FIN"
"p8","scene3",1,"01:BGN"
"p8","scene3",2,"02:ORI"
"p8","scene3",3,"03:PROC"
"p8","scene3",4,"04:PROC"
"p8","scene3",5,"05:PROC"
"p8","scene3",6,"06:META"
"p8","scene3",7,"07:PROC"
"p8","scene3",8,"08:EVAL"
"p8","scene3",9,"09:PROC"
"p8","scene3",10,"10:META"
"p8","scene3",11,"11:PLAN"
"p8","scene3",12,"12:PROC"
"p8","scene3",13,"13:PLAN"
"p8","scene3",14,"14:PROC"
"p8","scene3",15,"15:DEC"
"p8","scene3",16,"16:RUL"
"p8","scene3",17,"17:FIN"
"p8","scene4",1,"01:BGN"
"p8","scene4",2,"02:PROC"
"p8","scene4",3,"03:PROC"
"p8","scene4",4,"04:EVAL"
"p8","scene4",5,"05:HYPO"
"p8","scene4",6,"06:DEC"
"p8","scene4",7,"07:PROC"
"p8","scene4",8,"08:PROC"
"p8","scene4",9,"09:META"
"p8","scene4",10,"10:META"
"p8","scene4",11,"11:HYPO"
"p8","scene4",12,"12:DEC"
"p8","scene4",13,"13:META"
"p8","scene4",14,"14:PROC"
"p8","scene4",15,"15:HYPO"
"p8","scene4",16,"16:DEC"
"p8","scene4",17,"17:RUL"
"p8","scene4",18,"18:FIN"
"p8","scene5",1,"01:BGN"
"p8","scene5",2,"02:ORI"
"p8","scene5",3,"03:PROC"
"p8","scene5",4,"04:META"
"p8","scene5",5,"05:PROC"
"p8","scene5",6,"06:EVAL"
"p8","scene5",7,"07:META"
"p8","scene5",8,"08:PROC"
"p8","scene5",9,"09:PLAN"
"p8","scene5",10,"10:EVAL"
"p8","scene5",11,"11:META"
"p8","scene5",12,"12:PLAN"
"p8","scene5",13,"13:PROC"
"p8","scene5",14,"14:HYPO"
"p8","scene5",15,"15:META"
"p8","scene5",16,"16:PROC"
"p8","scene5",17,"17:DEC"
"p8","scene5",18,"18:RUL"
"p8","scene5",19,"19:FIN"
"p9","scene1",1,"01:BGN"
"p9","scene1",2,"02:HYPO"
"p9","scene1",3,"03:DEC"
"p9","scene1",4,"04:META"
"p9","scene1",5,"05:HYPO"
"p9","scene1",6,"06:DEC"
"p9","scene1",7,"07:HYPO"
"p9","scene1",8,"08:DEC"
"p9","scene1",9,"09:EVAL"
"p9","scene1",10,"10:RUL"
"p9","scene1",11,"11:FIN"
"p9","scene2",1,"01:BGN"
"p9","scene2",2,"02:ORI"
"p9","scene2",3,"03:PROC"
"p9","scene2",4,"04:PROC"
"p9","scene2",5,"05:PROC"
"p9","scene2",6,"06:META"
"p9","scene2",7,"07:HYPO"
"p9","scene2",8,"08:EVAL"
"p9","scene2",9,"09:DEC"
"p9","scene2",10,"10:PROC"
"p9","scene2",11,"11:PROC"
"p9","scene2",12,"12:DEC"
"p9","scene2",13,"13:PROC"
"p9","scene2",14,"14:RUL"
"p9","scene2",15,"15:FIN"
"p9","scene3",1,"01:BGN"
"p9","scene3",2,"02:PROC"
"p9","scene3",3,"03:PROC"
"p9","scene3",4,"04:HYPO"
"p9","scene3",5,"05:EVAL"
"p9","scene3",6,"06:DEC"
"p9","scene3",7,"07:RUL"
"p9","scene3",8,"08:DEC"
"p9","scene3",9,"09:FIN"
"p9","scene4",1,"01:BGN"
"p9","scene4",2,"02:PROC"
"p9","scene4",3,"03:EVAL"
"p9","scene4",4,"04:PROC"
"p9","scene4",5,"05:PROC"
"p9","scene4",6,"06:EVAL"
"p9","scene4",7,"07:PROC"
"p9","scene4",8,"08:EVAL"
"p9","scene4",9,"09:PROC"
"p9","scene4",10,"10:META"
"p9","scene4",11,"11:PROC"
"p9","scene4",12,"12:EVAL"
"p9","scene4",13,"13:FIN"
"p9","scene5",1,"01:BGN"
"p9","scene5",2,"02:PROC"
"p9","scene5",3,"03:PROC"
"p9","scene5",4,"04:PROC"
"p9","scene5",5,"05:META"
"p9","scene5",6,"06:PROC"
"p9","scene5",7,"07:HYPO"
"p9","scene5",8,"08:DEC"
"p9","scene5",9,"09:META"
"p9","scene5",10,"10:EVAL"
"p9","scene5",11,"11:FIN"
"p10","scene1",1,"01:BGN"
"p10","scene1",2,"02:ORI"
"p10","scene1",3,"03:PROC"
"p10","scene1",4,"04:PROC"
"p10","scene1",5,"05:PROC"
"p10","scene1",6,"06:PROC"
"p10","scene1",7,"07:PROC"
"p10","scene1",8,"08:PROC"
"p10","scene1",9,"09:PROC"
"p10","scene1",10,"10:PROC"
"p10","scene1",11,"11:HYPO"
"p10","scene1",12,"12:EVAL"
"p10","scene1",13,"13:PROC"
"p10","scene1",14,"14:PROC"
"p10","scene1",15,"15:DEC"
"p10","scene1",16,"16:EVAL"
"p10","scene1",17,"17:HYPO"
"p10","scene1",18,"18:DEC"
"p10","scene1",19,"19:DEC"
"p10","scene1",20,"20:RUL"
"p10","scene1",21,"21:FIN"
"p10","scene2",1,"01:BGN"
"p10","scene2",2,"02:PROC"
"p10","scene2",3,"03:PROC"
"p10","scene2",4,"04:PROC"
"p10","scene2",5,"05:PROC"
"p10","scene2",6,"06:PROC"
"p10","scene2",7,"07:PROC"
"p10","scene2",8,"08:EVAL"
"p10","scene2",9,"09:PROC"
"p10","scene2",10,"10:HYPO"
"p10","scene2",11,"11:DEC"
"p10","scene2",12,"12:PROC"
"p10","scene2",13,"13:EVAL"
"p10","scene2",14,"14:META"
"p10","scene2",15,"15:HYPO"
"p10","scene2",16,"16:DEC"
"p10","scene2",17,"17:RUL"
"p10","scene2",18,"18:FIN"
"p10","scene3",1,"01:BGN"
"p10","scene3",2,"02:PROC"
"p10","scene3",3,"03:PROC"
"p10","scene3",4,"04:PROC"
"p10","scene3",5,"05:PROC"
"p10","scene3",6,"06:PROC"
"p10","scene3",7,"07:PROC"
"p10","scene3",8,"08:HYPO"
"p10","scene3",9,"09:PROC"
"p10","scene3",10,"10:DEC"
"p10","scene3",11,"11:EVAL"
"p10","scene3",12,"12:EVAL"
"p10","scene3",13,"13:EVAL"
"p10","scene3",14,"14:EVAL"
"p10","scene3",15,"15:EVAL"
"p10","scene3",16,"16:DEC"
"p10","scene3",17,"17:META"
"p10","scene3",18,"18:DEC"
"p10","scene3",19,"19:RUL"
"p10","scene3",20,"20:FIN"
"p10","scene4",1,"01:BGN"
"p10","scene4",2,"02:PROC"
"p10","scene4",3,"03:PROC"
"p10","scene4",4,"04:PROC"
"p10","scene4",5,"05:PROC"
"p10","scene4",6,"06:PROC"
"p10","scene4",7,"07:PROC"
"p10","scene4",8,"08:PROC"
"p10","scene4",9,"09:PROC"
"p10","scene4",10,"10:PROC"
"p10","scene4",11,"11:EVAL"
"p10","scene4",12,"12:EVAL"
"p10","scene4",13,"13:EVAL"
"p10","scene4",14,"14:EVAL"
"p10","scene4",15,"15:HYPO"
"p10","scene4",16,"16:DEC"
"p10","scene4",17,"17:EVAL"
"p10","scene4",18,"18:META"
"p10","scene4",19,"19:EVAL"
"p10","scene4",20,"20:META"
"p10","scene4",21,"21:EVAL"
"p10","scene4",22,"22:EVAL"
"p10","scene4",23,"23:PROC"
"p10","scene4",24,"24:HYPO"
"p10","scene4",25,"25:DEC"
"p10","scene4",26,"26:HYPO"
"p10","scene4",27,"27:EVAL"
"p10","scene4",28,"28:FIN"
"p10","scene5",1,"01:BGN"
"p10","scene5",2,"02:META"
"p10","scene5",3,"03:PROC"
"p10","scene5",4,"04:PROC"
"p10","scene5",5,"05:PROC"
"p10","scene5",6,"06:PROC"
"p10","scene5",7,"07:PROC"
"p10","scene5",8,"08:PROC"
"p10","scene5",9,"09:HYPO"
"p10","scene5",10,"10:DEC"
"p10","scene5",11,"11:HYPO"
"p10","scene5",12,"12:HYPO"
"p10","scene5",13,"13:DEC"
"p10","scene5",14,"14:HYPO"
"p10","scene5",15,"15:DEC"
"p10","scene5",16,"16:EVAL"
"p10","scene5",17,"17:EVAL"
"p10","scene5",18,"18:HYPO"
"p10","scene5",19,"19:PROC"
"p10","scene5",20,"20:PROC"
"p10","scene5",21,"21:DEC"
"p10","scene5",22,"22:RUL"
"p10","scene5",23,"23:FIN"
"p11","scene1",1,"01:BGN"
"p11","scene1",2,"02:PROC"
"p11","scene1",3,"03:HYPO"
"p11","scene1",4,"04:DEC"
"p11","scene1",5,"05:HYPO"
"p11","scene1",6,"06:PLAN"
"p11","scene1",7,"07:PROC"
"p11","scene1",8,"08:EVAL"
"p11","scene1",9,"09:PROC"
"p11","scene1",10,"10:HYPO"
"p11","scene1",11,"11:PROC"
"p11","scene1",12,"12:RUL"
"p11","scene1",13,"13:FIN"
"p11","scene2",1,"01:BGN"
"p11","scene2",2,"02:PROC"
"p11","scene2",3,"03:PLAN"
"p11","scene2",4,"04:PROC"
"p11","scene2",5,"05:EVAL"
"p11","scene2",6,"06:EVAL"
"p11","scene2",7,"07:PROC"
"p11","scene2",8,"08:EVAL"
"p11","scene2",9,"09:META"
"p11","scene2",10,"10:META"
"p11","scene2",11,"11:EVAL"
"p11","scene2",12,"12:HYPO"
"p11","scene2",13,"13:DEC"
"p11","scene2",14,"14:PROC"
"p11","scene2",15,"15:EVAL"
"p11","scene2",16,"16:FIN"
"p11","scene3",1,"01:BGN"
"p11","scene3",2,"02:PROC"
"p11","scene3",3,"03:PROC"
"p11","scene3",4,"04:PLAN"
"p11","scene3",5,"05:PROC"
"p11","scene3",6,"06:HYPO"
"p11","scene3",7,"07:DEC"
"p11","scene3",8,"08:HYPO"
"p11","scene3",9,"09:DEC"
"p11","scene3",10,"10:HYPO"
"p11","scene3",11,"11:META"
"p11","scene3",12,"12:RUL"
"p11","scene3",13,"13:PLAN"
"p11","scene3",14,"14:DEC"
"p11","scene3",15,"15:META"
"p11","scene3",16,"16:FIN"
"p11","scene4",1,"01:BGN"
"p11","scene4",2,"02:PROC"
"p11","scene4",3,"03:PROC"
"p11","scene4",4,"04:PROC"
"p11","scene4",5,"05:PLAN"
"p11","scene4",6,"06:HYPO"
"p11","scene4",7,"07:HYPO"
"p11","scene4",8,"08:EVAL"
"p11","scene4",9,"09:HYPO"
"p11","scene4",10,"10:HYPO"
"p11","scene4",11,"11:META"
"p11","scene4",12,"12:DEC"
"p11","scene4",13,"13:DEC"
"p11","scene4",14,"14:DEC"
"p11","scene4",15,"15:FIN"
"p11","scene5",1,"01:BGN"
"p11","scene5",2,"02:PROC"
"p11","scene5",3,"03:PROC"
"p11","scene5",4,"04:PROC"
"p11","scene5",5,"05:PROC"
"p11","scene5",6,"06:HYPO"
"p11","scene5",7,"07:EVAL"
"p11","scene5",8,"08:PROC"
"p11","scene5",9,"09:EVAL"
"p11","scene5",10,"10:HYPO"
"p11","scene5",11,"11:META"
"p11","scene5",12,"12:PLAN"
"p11","scene5",13,"13:EVAL"
"p11","scene5",14,"14:RUL"
"p11","scene5",15,"15:FIN"
"p12","scene1",1,"01:BGN"
"p12","scene1",2,"02:PROC"
"p12","scene1",3,"03:PROC"
"p12","scene1",4,"04:PROC"
"p12","scene1",5,"05:PROC"
"p12","scene1",6,"06:PROC"
"p12","scene1",7,"07:PROC"
"p12","scene1",8,"08:PROC"
"p12","scene1",9,"09:PROC"
"p12","scene1",10,"10:PROC"
"p12","scene1",11,"11:PROC"
"p12","scene1",12,"12:PROC"
"p12","scene1",13,"13:PROC"
"p12","scene1",14,"14:HYPO"
"p12","scene1",15,"15:DEC"
"p12","scene1",16,"16:RUL"
"p12","scene1",17,"17:FIN"
"p12","scene2",1,"01:BGN"
"p12","scene2",2,"02:PROC"
"p12","scene2",3,"03:PROC"
"p12","scene2",4,"04:PROC"
"p12","scene2",5,"05:EVAL"
"p12","scene2",6,"06:HYPO"
"p12","scene2",7,"07:PROC"
"p12","scene2",8,"08:DEC"
"p12","scene2",9,"09:HYPO"
"p12","scene2",10,"10:PROC"
"p12","scene2",11,"11:HYPO"
"p12","scene2",12,"12:DEC"
"p12","scene2",13,"13:META"
"p12","scene2",14,"14:EVAL"
"p12","scene2",15,"15:FIN"
"p12","scene3",1,"01:BGN"
"p12","scene3",2,"02:PROC"
"p12","scene3",3,"03:PROC"
"p12","scene3",4,"04:HYPO"
"p12","scene3",5,"05:PROC"
"p12","scene3",6,"06:EVAL"
"p12","scene3",7,"07:DEC"
"p12","scene3",8,"08:RUL"
"p12","scene3",9,"09:FIN"
"p12","scene4",1,"01:BGN"
"p12","scene4",2,"02:PROC"
"p12","scene4",3,"03:PLAN"
"p12","scene4",4,"04:PROC"
"p12","scene4",5,"05:PROC"
"p12","scene4",6,"06:PROC"
"p12","scene4",7,"07:PROC"
"p12","scene4",8,"08:PROC"
"p12","scene4",9,"09:EVAL"
"p12","scene4",10,"10:HYPO"
"p12","scene4",11,"11:PROC"
"p12","scene4",12,"12:PROC"
"p12","scene4",13,"13:PROC"
"p12","scene4",14,"14:DEC"
"p12","scene4",15,"15:PROC"
"p12","scene4",16,"16:PROC"
"p12","scene4",17,"17:PROC"
"p12","scene4",18,"18:RUL"
"p12","scene4",19,"19:DEC"
"p12","scene4",20,"20:RUL"
"p12","scene4",21,"21:DEC"
"p12","scene4",22,"22:FIN"
"p12","scene5",1,"01:BGN"
"p12","scene5",2,"02:PROC"
"p12","scene5",3,"03:PROC"
"p12","scene5",4,"04:PROC"
"p12","scene5",5,"05:PROC"
"p12","scene5",6,"06:PROC"
"p12","scene5",7,"07:HYPO"
"p12","scene5",8,"08:PROC"
"p12","scene5",9,"09:PROC"
"p12","scene5",10,"10:HYPO"
"p12","scene5",11,"11:PROC"
"p12","scene5",12,"12:PROC"
"p12","scene5",13,"13:EVAL"
"p12","scene5",14,"14:EVAL"
"p12","scene5",15,"15:DEC"
"p12","scene5",16,"16:RUL"
"p12","scene5",17,"17:FIN"
"p13","scene1",1,"01:BGN"
"p13","scene1",2,"02:ORI"
"p13","scene1",3,"03:PROC"
"p13","scene1",4,"04:PROC"
"p13","scene1",5,"05:HYPO"
"p13","scene1",6,"06:PROC"
"p13","scene1",7,"07:EVAL"
"p13","scene1",8,"08:PROC"
"p13","scene1",9,"09:MEM"
"p13","scene1",10,"10:MEM"
"p13","scene1",11,"11:EVAL"
"p13","scene1",12,"12:META"
"p13","scene1",13,"13:DEC"
"p13","scene1",14,"14:PROC"
"p13","scene1",15,"15:EVAL"
"p13","scene1",16,"16:RUL"
"p13","scene1",17,"17:META"
"p13","scene1",18,"18:FIN"
"p13","scene2",1,"01:BGN"
"p13","scene2",2,"02:PROC"
"p13","scene2",3,"03:EVAL"
"p13","scene2",4,"04:EVAL"
"p13","scene2",5,"05:PROC"
"p13","scene2",6,"06:EVAL"
"p13","scene2",7,"07:META"
"p13","scene2",8,"08:PROC"
"p13","scene2",9,"09:EVAL"
"p13","scene2",10,"10:HYPO"
"p13","scene2",11,"11:DEC"
"p13","scene2",12,"12:META"
"p13","scene2",13,"13:EVAL"
"p13","scene2",14,"14:HYPO"
"p13","scene2",15,"15:DEC"
"p13","scene2",16,"16:META"
"p13","scene2",17,"17:PROC"
"p13","scene2",18,"18:META"
"p13","scene2",19,"19:EVAL"
"p13","scene2",20,"20:HYPO"
"p13","scene2",21,"21:META"
"p13","scene2",22,"22:META"
"p13","scene2",23,"23:PLAN"
"p13","scene2",24,"24:EVAL"
"p13","scene2",25,"25:EVAL"
"p13","scene2",26,"26:HYPO"
"p13","scene2",27,"27:DEC"
"p13","scene2",28,"28:EVAL"
"p13","scene2",29,"29:DEC"
"p13","scene2",30,"30:FIN"
"p13","scene3",1,"01:BGN"
"p13","scene3",2,"02:PROC"
"p13","scene3",3,"03:PROC"
"p13","scene3",4,"04:PROC"
"p13","scene3",5,"05:EVAL"
"p13","scene3",6,"06:PROC"
"p13","scene3",7,"07:PROC"
"p13","scene3",8,"08:EVAL"
"p13","scene3",9,"09:PROC"
"p13","scene3",10,"10:HYPO"
"p13","scene3",11,"11:DEC"
"p13","scene3",12,"12:EVAL"
"p13","scene3",13,"13:HYPO"
"p13","scene3",14,"14:DEC"
"p13","scene3",15,"15:META"
"p13","scene3",16,"16:EVAL"
"p13","scene3",17,"17:META"
"p13","scene3",18,"18:EVAL"
"p13","scene3",19,"19:EVAL"
"p13","scene3",20,"20:EVAL"
"p13","scene3",21,"21:DEC"
"p13","scene3",22,"22:FIN"
"p13","scene4",1,"01:BGN"
"p13","scene4",2,"02:PROC"
"p13","scene4",3,"03:HYPO"
"p13","scene4",4,"04:EVAL"
"p13","scene4",5,"05:PROC"
"p13","scene4",6,"06:PROC"
"p13","scene4",7,"07:DEC"
"p13","scene4",8,"08:META"
"p13","scene4",9,"09:PLAN"
"p13","scene4",10,"10:EVAL"
"p13","scene4",11,"11:EVAL"
"p13","scene4",12,"12:EVAL"
"p13","scene4",13,"13:HYPO"
"p13","scene4",14,"14:EVAL"
"p13","scene4",15,"15:MEM"
"p13","scene4",16,"16:MEM"
"p13","scene4",17,"17:META"
"p13","scene4",18,"18:DEC"
"p13","scene4",19,"19:RUL"
"p13","scene4",20,"20:FIN"
"p13","scene5",1,"01:BGN"
"p13","scene5",2,"02:PROC"
"p13","scene5",3,"03:META"
"p13","scene5",4,"04:EVAL"
"p13","scene5",5,"05:EVAL"
"p13","scene5",6,"06:EVAL"
"p13","scene5",7,"07:EVAL"
"p13","scene5",8,"08:HYPO"
"p13","scene5",9,"09:META"
"p13","scene5",10,"10:DEC"
"p13","scene5",11,"11:PLAN"
"p13","scene5",12,"12:HYPO"
"p13","scene5",13,"13:DEC"
"p13","scene5",14,"14:HYPO"
"p13","scene5",15,"15:DEC"
"p13","scene5",16,"16:RUL"
"p13","scene5",17,"17:FIN"
"p14","scene1",1,"01:BGN"
"p14","scene1",2,"02:PROC"
"p14","scene1",3,"03:META"
"p14","scene1",4,"04:META"
"p14","scene1",5,"05:PROC"
"p14","scene1",6,"06:EVAL"
"p14","scene1",7,"07:HYPO"
"p14","scene1",8,"08:META"
"p14","scene1",9,"09:META"
"p14","scene1",10,"10:META"
"p14","scene1",11,"11:DEC"
"p14","scene1",12,"12:FIN"
"p14","scene2",1,"01:BGN"
"p14","scene2",2,"02:ORI"
"p14","scene2",3,"03:PROC"
"p14","scene2",4,"04:PROC"
"p14","scene2",5,"05:PROC"
"p14","scene2",6,"06:PROC"
"p14","scene2",7,"07:META"
"p14","scene2",8,"08:META"
"p14","scene2",9,"09:HYPO"
"p14","scene2",10,"10:META"
"p14","scene2",11,"11:META"
"p14","scene2",12,"12:META"
"p14","scene2",13,"13:HYPO"
"p14","scene2",14,"14:PROC"
"p14","scene2",15,"15:META"
"p14","scene2",16,"16:META"
"p14","scene2",17,"17:DEC"
"p14","scene2",18,"18:FIN"
"p14","scene3",1,"01:BGN"
"p14","scene3",2,"02:PROC"
"p14","scene3",3,"03:PROC"
"p14","scene3",4,"04:PROC"
"p14","scene3",5,"05:META"
"p14","scene3",6,"06:PROC"
"p14","scene3",7,"07:PROC"
"p14","scene3",8,"08:PROC"
"p14","scene3",9,"09:META"
"p14","scene3",10,"10:PROC"
"p14","scene3",11,"11:HYPO"
"p14","scene3",12,"12:EVAL"
"p14","scene3",13,"13:HYPO"
"p14","scene3",14,"14:DEC"
"p14","scene3",15,"15:META"
"p14","scene3",16,"16:FIN"
"p14","scene4",1,"01:BGN"
"p14","scene4",2,"02:ORI"
"p14","scene4",3,"03:PROC"
"p14","scene4",4,"04:PROC"
"p14","scene4",5,"05:PROC"
"p14","scene4",6,"06:EVAL"
"p14","scene4",7,"07:PROC"
"p14","scene4",8,"08:EVAL"
"p14","scene4",9,"09:META"
"p14","scene4",10,"10:META"
"p14","scene4",11,"11:ORI"
"p14","scene4",12,"12:HYPO"
"p14","scene4",13,"13:PROC"
"p14","scene4",14,"14:DEC"
"p14","scene4",15,"15:PROC"
"p14","scene4",16,"16:PROC"
"p14","scene4",17,"17:DEC"
"p14","scene4",18,"18:PROC"
"p14","scene4",19,"19:DEC"
"p14","scene4",20,"20:HYPO"
"p14","scene4",21,"21:PROC"
"p14","scene4",22,"22:DEC"
"p14","scene4",23,"23:EVAL"
"p14","scene4",24,"24:FIN"
"p14","scene5",1,"01:BGN"
"p14","scene5",2,"02:ORI"
"p14","scene5",3,"03:PROC"
"p14","scene5",4,"04:PROC"
"p14","scene5",5,"05:PROC"
"p14","scene5",6,"06:PROC"
"p14","scene5",7,"07:META"
"p14","scene5",8,"08:PROC"
"p14","scene5",9,"09:PROC"
"p14","scene5",10,"10:EVAL"
"p14","scene5",11,"11:HYPO"
"p14","scene5",12,"12:META"
"p14","scene5",13,"13:PLAN"
"p14","scene5",14,"14:PROC"
"p14","scene5",15,"15:PROC"
"p14","scene5",16,"16:HYPO"
"p14","scene5",17,"17:RUL"
"p14","scene5",18,"18:DEC"
"p14","scene5",19,"19:META"
"p14","scene5",20,"20:DEC"
"p14","scene5",21,"21:META"
"p14","scene5",22,"22:FIN"
"p15","scene1",1,"01:BGN"
"p15","scene1",2,"02:PROC"
"p15","scene1",3,"03:PLAN"
"p15","scene1",4,"04:PROC"
"p15","scene1",5,"05:EVAL"
"p15","scene1",6,"06:HYPO"
"p15","scene1",7,"07:DEC"
"p15","scene1",8,"08:EVAL"
"p15","scene1",9,"09:PROC"
"p15","scene1",10,"10:PROC"
"p15","scene1",11,"11:PROC"
"p15","scene1",12,"12:RUL"
"p15","scene1",13,"13:META"
"p15","scene1",14,"14:DEC"
"p15","scene1",15,"15:META"
"p15","scene1",16,"16:FIN"
"p15","scene2",1,"01:BGN"
"p15","scene2",2,"02:PROC"
"p15","scene2",3,"03:PROC"
"p15","scene2",4,"04:PROC"
"p15","scene2",5,"05:EVAL"
"p15","scene2",6,"06:PROC"
"p15","scene2",7,"07:EVAL"
"p15","scene2",8,"08:PLAN"
"p15","scene2",9,"09:EVAL"
"p15","scene2",10,"10:EVAL"
"p15","scene2",11,"11:HYPO"
"p15","scene2",12,"12:PROC"
"p15","scene2",13,"13:DEC"
"p15","scene2",14,"14:EVAL"
"p15","scene2",15,"15:DEC"
"p15","scene2",16,"16:PROC"
"p15","scene2",17,"17:META"
"p15","scene2",18,"18:META"
"p15","scene2",19,"19:DEC"
"p15","scene2",20,"20:FIN"
"p15","scene3",1,"01:BGN"
"p15","scene3",2,"02:PROC"
"p15","scene3",3,"03:PLAN"
"p15","scene3",4,"04:PROC"
"p15","scene3",5,"05:EVAL"
"p15","scene3",6,"06:EVAL"
"p15","scene3",7,"07:PROC"
"p15","scene3",8,"08:HYPO"
"p15","scene3",9,"09:DEC"
"p15","scene3",10,"10:META"
"p15","scene3",11,"11:HYPO"
"p15","scene3",12,"12:DEC"
"p15","scene3",13,"13:HYPO"
"p15","scene3",14,"14:DEC"
"p15","scene3",15,"15:HYPO"
"p15","scene3",16,"16:DEC"
"p15","scene3",17,"17:FIN"
"p15","scene4",1,"01:BGN"
"p15","scene4",2,"02:PROC"
"p15","scene4",3,"03:PROC"
"p15","scene4",4,"04:HYPO"
"p15","scene4",5,"05:DEC"
"p15","scene4",6,"06:HYPO"
"p15","scene4",7,"07:DEC"
"p15","scene4",8,"08:HYPO"
"p15","scene4",9,"09:PROC"
"p15","scene4",10,"10:HYPO"
"p15","scene4",11,"11:EVAL"
"p15","scene4",12,"12:HYPO"
"p15","scene4",13,"13:DEC"
"p15","scene4",14,"14:META"
"p15","scene4",15,"15:FIN"
"p15","scene5",1,"01:BGN"
"p15","scene5",2,"02:PROC"
"p15","scene5",3,"03:PROC"
"p15","scene5",4,"04:PROC"
"p15","scene5",5,"05:PROC"
"p15","scene5",6,"06:HYPO"
"p15","scene5",7,"07:EVAL"
"p15","scene5",8,"08:DEC"
"p15","scene5",9,"09:PROC"
"p15","scene5",10,"10:META"
"p15","scene5",11,"11:PLAN"
"p15","scene5",12,"12:PROC"
"p15","scene5",13,"13:EVAL"
"p15","scene5",14,"14:DEC"
"p15","scene5",15,"15:EVAL"
"p15","scene5",16,"16:PROC"
"p15","scene5",17,"17:EVAL"
"p15","scene5",18,"18:META"
"p15","scene5",19,"19:RUL"
"p15","scene5",20,"20:EVAL"
"p15","scene5",21,"21:FIN"
"p16","scene1",1,"01:BGN"
"p16","scene1",2,"02:ORI"
"p16","scene1",3,"03:META"
"p16","scene1",4,"04:PROC"
"p16","scene1",5,"05:HYPO"
"p16","scene1",6,"06:PLAN"
"p16","scene1",7,"07:PROC"
"p16","scene1",8,"08:EVAL"
"p16","scene1",9,"09:HYPO"
"p16","scene1",10,"10:EVAL"
"p16","scene1",11,"11:HYPO"
"p16","scene1",12,"12:EVAL"
"p16","scene1",13,"13:META"
"p16","scene1",14,"14:RUL"
"p16","scene1",15,"15:META"
"p16","scene1",16,"16:EVAL"
"p16","scene1",17,"17:DEC"
"p16","scene1",18,"18:FIN"
"p16","scene2",1,"01:BGN"
"p16","scene2",2,"02:PROC"
"p16","scene2",3,"03:EVAL"
"p16","scene2",4,"04:EVAL"
"p16","scene2",5,"05:PLAN"
"p16","scene2",6,"06:PROC"
"p16","scene2",7,"07:EVAL"
"p16","scene2",8,"08:EVAL"
"p16","scene2",9,"09:EVAL"
"p16","scene2",10,"10:META"
"p16","scene2",11,"11:PLAN"
"p16","scene2",12,"12:HYPO"
"p16","scene2",13,"13:DEC"
"p16","scene2",14,"14:META"
"p16","scene2",15,"15:RUL"
"p16","scene2",16,"16:PROC"
"p16","scene2",17,"17:DEC"
"p16","scene2",18,"18:PROC"
"p16","scene2",19,"19:HYPO"
"p16","scene2",20,"20:META"
"p16","scene2",21,"21:DEC"
"p16","scene2",22,"22:FIN"
"p16","scene3",1,"01:BGN"
"p16","scene3",2,"02:PROC"
"p16","scene3",3,"03:PROC"
"p16","scene3",4,"04:EVAL"
"p16","scene3",5,"05:PLAN"
"p16","scene3",6,"06:PROC"
"p16","scene3",7,"07:EVAL"
"p16","scene3",8,"08:PROC"
"p16","scene3",9,"09:EVAL"
"p16","scene3",10,"10:DEC"
"p16","scene3",11,"11:PROC"
"p16","scene3",12,"12:HYPO"
"p16","scene3",13,"13:EVAL"
"p16","scene3",14,"14:EVAL"
"p16","scene3",15,"15:PROC"
"p16","scene3",16,"16:EVAL"
"p16","scene3",17,"17:DEC"
"p16","scene3",18,"18:META"
"p16","scene3",19,"19:RUL"
"p16","scene3",20,"20:FIN"
"p16","scene4",1,"01:BGN"
"p16","scene4",2,"02:PLAN"
"p16","scene4",3,"03:PROC"
"p16","scene4",4,"04:EVAL"
"p16","scene4",5,"05:EVAL"
"p16","scene4",6,"06:EVAL"
"p16","scene4",7,"07:HYPO"
"p16","scene4",8,"08:DEC"
"p16","scene4",9,"09:EVAL"
"p16","scene4",10,"10:EVAL"
"p16","scene4",11,"11:EVAL"
"p16","scene4",12,"12:RUL"
"p16","scene4",13,"13:META"
"p16","scene4",14,"14:META"
"p16","scene4",15,"15:PROC"
"p16","scene4",16,"16:EVAL"
"p16","scene4",17,"17:RUL"
"p16","scene4",18,"18:FIN"
"p16","scene5",1,"01:BGN"
"p16","scene5",2,"02:PROC"
"p16","scene5",3,"03:PROC"
"p16","scene5",4,"04:EVAL"
"p16","scene5",5,"05:META"
"p16","scene5",6,"06:PROC"
"p16","scene5",7,"07:HYPO"
"p16","scene5",8,"08:DEC"
"p16","scene5",9,"09:PLAN"
"p16","scene5",10,"10:PROC"
"p16","scene5",11,"11:EVAL"
"p16","scene5",12,"12:PROC"
"p16","scene5",13,"13:DEC"
"p16","scene5",14,"14:PROC"
"p16","scene5",15,"15:HYPO"
"p16","scene5",16,"16:EVAL"
"p16","scene5",17,"17:DEC"
"p16","scene5",18,"18:RUL"
"p16","scene5",19,"19:FIN"
"p17","scene1",1,"1.BGN"
"p17","scene1",2,"2.ORI"
"p17","scene1",3,"3.PROC"
"p17","scene1",4,"4.META"
"p17","scene1",5,"5.HYPO"
"p17","scene1",6,"6.PROC"
"p17","scene1",7,"7.HYPO"
"p17","scene1",8,"8.META"
"p17","scene1",9,"9.META"
"p17","scene1",10,"10.PROC"
"p17","scene1",11,"11.PROC"
"p17","scene1",12,"12.META"
"p17","scene1",13,"13.PROC"
"p17","scene1",14,"14.HYPO"
"p17","scene1",15,"15.DEC"
"p17","scene1",16,"16.META"
"p17","scene1",17,"17.RUL"
"p17","scene1",18,"18.HYPO"
"p17","scene1",19,"19.DEC"
"p17","scene1",20,"20.RUL"
"p17","scene1",21,"21.FIN"
"p17","scene2",1,"1.BGN"
"p17","scene2",2,"2.ORI"
"p17","scene2",3,"3.PROC"
"p17","scene2",4,"4.PLAN"
"p17","scene2",5,"5.PROC"
"p17","scene2",6,"6.PROC"
"p17","scene2",7,"7.EVAL"
"p17","scene2",8,"8.HYPO"
"p17","scene2",9,"9.DEC"
"p17","scene2",10,"10.HYPO"
"p17","scene2",11,"11.DEC"
"p17","scene2",12,"12.META"
"p17","scene2",13,"13.HYPO"
"p17","scene2",14,"14.DEC"
"p17","scene2",15,"15.META"
"p17","scene2",16,"16.PROC"
"p17","scene2",17,"17.PROC"
"p17","scene2",18,"18.META"
"p17","scene2",19,"19.PLAN"
"p17","scene2",20,"20.HYPO"
"p17","scene2",21,"21.PROC"
"p17","scene2",22,"22.DEC"
"p17","scene2",23,"23.FIN"
"p17","scene3",1,"1.BGN"
"p17","scene3",2,"2.ORI"
"p17","scene3",3,"3.PROC"
"p17","scene3",4,"4.PROC"
"p17","scene3",5,"5.EVAL"
"p17","scene3",6,"6.DEC"
"p17","scene3",7,"7.PLAN"
"p17","scene3",8,"8.HYPO"
"p17","scene3",9,"9.PROC"
"p17","scene3",10,"10.DEC"
"p17","scene3",11,"11.META"
"p17","scene3",12,"12.META"
"p17","scene3",13,"13.DEC"
"p17","scene3",14,"14.PLAN"
"p17","scene3",15,"15.PROC"
"p17","scene3",16,"16.EVAL"
"p17","scene3",17,"17.DEC"
"p17","scene3",18,"18.RUL"
"p17","scene3",19,"19.FIN"
"p17","scene4",1,"1.BGN"
"p17","scene4",2,"2.ORI"
"p17","scene4",3,"3.PROC"
"p17","scene4",4,"4.PLAN"
"p17","scene4",5,"5.HYPO"
"p17","scene4",6,"6.DEC"
"p17","scene4",7,"7.HYPO"
"p17","scene4",8,"8.PROC"
"p17","scene4",9,"9.EVAL"
"p17","scene4",10,"10.DEC"
"p17","scene4",11,"11.PLAN"
"p17","scene4",12,"12.HYPO"
"p17","scene4",13,"13.PROC"
"p17","scene4",14,"14.PROC"
"p17","scene4",15,"15.PROC"
"p17","scene4",16,"16.EVAL"
"p17","scene4",17,"17.PROC"
"p17","scene4",18,"18.DEC"
"p17","scene4",19,"19.FIN"
"p17","scene5",1,"1.BGN"
"p17","scene5",2,"2.ORI"
"p17","scene5",3,"3.PLAN"
"p17","scene5",4,"4.PROC"
"p17","scene5",5,"5.EVAL"
"p17","scene5",6,"6.HYPO"
"p17","scene5",7,"7.DEC"
"p17","scene5",8,"8.HYPO"
"p17","scene5",9,"9.DEC"
"p17","scene5",10,"10.PLAN"
"p17","scene5",11,"11.PROC"
"p17","scene5",12,"12.EVAL"
"p17","scene5",13,"13.PLAN"
"p17","scene5",14,"14.META"
"p17","scene5",15,"15.PLAN"
"p17","scene5",16,"16.HYPO"
"p17","scene5",17,"17.EVAL"
"p17","scene5",18,"18.META"
"p17","scene5",19,"19.PROC"
"p17","scene5",20,"20.EVAL"
"p17","scene5",21,"21.DEC"
"p17","scene5",22,"22.FIN"
"p18","scene1",1,"1.BGN"
"p18","scene1",2,"2.ORI"
"p18","scene1",3,"3.PROC"
"p18","scene1",4,"4.PROC"
"p18","scene1",5,"5.PROC"
"p18","scene1",6,"6.PROC"
"p18","scene1",7,"7.PROC"
"p18","scene1",8,"8.PROC"
"p18","scene1",9,"9.HYPO"
"p18","scene1",10,"10.EVAL"
"p18","scene1",11,"11.PROC"
"p18","scene1",12,"12.PROC"
"p18","scene1",13,"13.PROC"
"p18","scene1",14,"14.DEC"
"p18","scene1",15,"15.EVAL"
"p18","scene1",16,"16.HYPO"
"p18","scene1",17,"17.PROC"
"p18","scene1",18,"18.PROC"
"p18","scene1",19,"19.PROC"
"p18","scene1",20,"20.PROC"
"p18","scene1",21,"21.PROC"
"p18","scene1",22,"22.EVAL"
"p18","scene1",23,"23.ORI"
"p18","scene1",24,"24.RUL"
"p18","scene1",25,"25.FIN"
"p18","scene2",1,"1.BGN"
"p18","scene2",2,"2.ORI"
"p18","scene2",3,"3.PROC"
"p18","scene2",4,"4.PROC"
"p18","scene2",5,"5.PROC"
"p18","scene2",6,"6.PROC"
"p18","scene2",7,"7.PROC"
"p18","scene2",8,"8.PROC"
"p18","scene2",9,"9.EVAL"
"p18","scene2",10,"10.PROC"
"p18","scene2",11,"11.PROC"
"p18","scene2",12,"12.PROC"
"p18","scene2",13,"13.PROC"
"p18","scene2",14,"14.PROC"
"p18","scene2",15,"15.HYPO"
"p18","scene2",16,"16.HYPO"
"p18","scene2",17,"17.DEC"
"p18","scene2",18,"18.PLAN"
"p18","scene2",19,"19.PROC"
"p18","scene2",20,"20.META"
"p18","scene2",21,"21.HYPO"
"p18","scene2",22,"22.PROC"
"p18","scene2",23,"23.PROC"
"p18","scene2",24,"24.PROC"
"p18","scene2",25,"25.META"
"p18","scene2",26,"26.RUL"
"p18","scene2",27,"27.FIN"
"p18","scene3",1,"1.BGN"
"p18","scene3",2,"2.ORI"
"p18","scene3",3,"3.PROC"
"p18","scene3",4,"4.PROC"
"p18","scene3",5,"5.PROC"
"p18","scene3",6,"6.META"
"p18","scene3",7,"7.PROC"
"p18","scene3",8,"8.HYPO"
"p18","scene3",9,"9.PLAN"
"p18","scene3",10,"10.DEC"
"p18","scene3",11,"11.PROC"
"p18","scene3",12,"12.PROC"
"p18","scene3",13,"13.PROC"
"p18","scene3",14,"14.EVAL"
"p18","scene3",15,"15.META"
"p18","scene3",16,"16.EVAL"
"p18","scene3",17,"17.PROC"
"p18","scene3",18,"18.EVAL"
"p18","scene3",19,"19.EVAL"
"p18","scene3",20,"20.RUL"
"p18","scene3",21,"21.FIN"
"p18","scene4",1,"1.BGN"
"p18","scene4",2,"2.PROC"
"p18","scene4",3,"3.PROC"
"p18","scene4",4,"4.PROC"
"p18","scene4",5,"5.PROC"
"p18","scene4",6,"6.META"
"p18","scene4",7,"7.PROC"
"p18","scene4",8,"8.EVAL"
"p18","scene4",9,"9.EVAL"
"p18","scene4",10,"10.HYPO"
"p18","scene4",11,"11.DEC"
"p18","scene4",12,"12.EVAL"
"p18","scene4",13,"13.EVAL"
"p18","scene4",14,"14.EVAL"
"p18","scene4",15,"15.EVAL"
"p18","scene4",16,"16.EVAL"
"p18","scene4",17,"17.EVAL"
"p18","scene4",18,"18.DEC"
"p18","scene4",19,"19.PLAN"
"p18","scene4",20,"20.HYPO"
"p18","scene4",21,"21.PROC"
"p18","scene4",22,"22.EVAL"
"p18","scene4",23,"23.PROC"
"p18","scene4",24,"24.RUL"
"p18","scene4",25,"25.FIN"
"p18","scene5",1,"1.BGN"
"p18","scene5",2,"2.PROC"
"p18","scene5",3,"3.PROC"
"p18","scene5",4,"4.PLAN"
"p18","scene5",5,"5.HYPO"
"p18","scene5",6,"6.HYPO"
"p18","scene5",7,"7.EVAL"
"p18","scene5",8,"8.DEC"
"p18","scene5",9,"9.EVAL"
"p18","scene5",10,"10.EVAL"
"p18","scene5",11,"11.META"
"p18","scene5",12,"12.EVAL"
"p18","scene5",13,"13.PROC"
"p18","scene5",14,"14.PROC"
"p18","scene5",15,"15.PROC"
"p18","scene5",16,"16.EVAL"
"p18","scene5",17,"17.META"
"p18","scene5",18,"18.PROC"
"p18","scene5",19,"19.HYPO"
"p18","scene5",20,"20.DEC"
"p18","scene5",21,"21.EVAL"
"p18","scene5",22,"22.RUL"
"p18","scene5",23,"23.FIN"
"p21","scene1",1,"1.BGN"
"p21","scene1",2,"2.ORI"
"p21","scene1",3,"3.PROC"
"p21","scene1",4,"4.PROC"
"p21","scene1",5,"5.PROC"
"p21","scene1",6,"6.PROC"
"p21","scene1",7,"7.HYPO"
"p21","scene1",8,"8.PROC"
"p21","scene1",9,"9.META"
"p21","scene1",10,"10.PROC"
"p21","scene1",11,"11.DEC"
"p21","scene1",12,"12.RUL"
"p21","scene1",13,"13.EVAL"
"p21","scene1",14,"14.RUL"
"p21","scene1",15,"15.DEC"
"p21","scene1",16,"16.META"
"p21","scene1",17,"17.ORI"
"p21","scene1",18,"18.RUL"
"p21","scene1",19,"19.RUL"
"p21","scene1",20,"20.META"
"p21","scene1",21,"21.FIN"
"p21","scene2",1,"1.BGN"
"p21","scene2",2,"2.PROC"
"p21","scene2",3,"3.PLAN"
"p21","scene2",4,"4.META"
"p21","scene2",5,"5.PLAN"
"p21","scene2",6,"6.EVAL"
"p21","scene2",7,"7.PROC"
"p21","scene2",8,"8.HYPO"
"p21","scene2",9,"9.PROC"
"p21","scene2",10,"10.EVAL"
"p21","scene2",11,"11.PROC"
"p21","scene2",12,"12.HYPO"
"p21","scene2",13,"13.EVAL"
"p21","scene2",14,"14.RUL"
"p21","scene2",15,"15.HYPO"
"p21","scene2",16,"16.RUL"
"p21","scene2",17,"17.FIN"
"p21","scene3",1,"1.BGN"
"p21","scene3",2,"2.PLAN"
"p21","scene3",3,"3.PROC"
"p21","scene3",4,"4.PROC"
"p21","scene3",5,"5.PROC"
"p21","scene3",6,"6.EVAL"
"p21","scene3",7,"7.HYPO"
"p21","scene3",8,"8.HYPO"
"p21","scene3",9,"9.HYPO"
"p21","scene3",10,"10.DEC"
"p21","scene3",11,"11.META"
"p21","scene3",12,"12.META"
"p21","scene3",13,"13.EVAL"
"p21","scene3",14,"14.META"
"p21","scene3",15,"15.RUL"
"p21","scene3",16,"16.FIN"
"p21","scene4",1,"1.BGN"
"p21","scene4",2,"2.PLAN"
"p21","scene4",3,"3.PROC"
"p21","scene4",4,"4.PROC"
"p21","scene4",5,"5.PROC"
"p21","scene4",6,"6.PROC"
"p21","scene4",7,"7.META"
"p21","scene4",8,"8.EVAL"
"p21","scene4",9,"9.EVAL"
"p21","scene4",10,"10.EVAL"
"p21","scene4",11,"11.EVAL"
"p21","scene4",12,"12.RUL"
"p21","scene4",13,"13.RUL"
"p21","scene4",14,"14.DEC"
"p21","scene4",15,"15.FIN"
"p21","scene5",1,"1.BGN"
"p21","scene5",2,"2.PROC"
"p21","scene5",3,"3.PLAN"
"p21","scene5",4,"4.PROC"
"p21","scene5",5,"5.PROC"
"p21","scene5",6,"6.PROC"
"p21","scene5",7,"7.PROC"
"p21","scene5",8,"8.META"
"p21","scene5",9,"9.META"
"p21","scene5",10,"10.EVAL"
"p21","scene5",11,"11.PROC"
"p21","scene5",12,"12.PLAN"
"p21","scene5",13,"13.PROC"
"p21","scene5",14,"14.META"
"p21","scene5",15,"15.EVAL"
"p21","scene5",16,"16.RUL"
"p21","scene5",17,"17.DEC"
"p21","scene5",18,"18.FIN"
"p22","scene1",1,"1.BGN"
"p22","scene1",2,"2.PLAN"
"p22","scene1",3,"3.PROC"
"p22","scene1",4,"4.HYPO"
"p22","scene1",5,"5.META"
"p22","scene1",6,"6.HYPO"
"p22","scene1",7,"7.META"
"p22","scene1",8,"8.PLAN"
"p22","scene1",9,"9.HYPO"
"p22","scene1",10,"10.EVAL"
"p22","scene1",11,"11.EVAL"
"p22","scene1",12,"12.HYPO"
"p22","scene1",13,"13.DEC"
"p22","scene1",14,"14.DEC"
"p22","scene1",15,"15.META"
"p22","scene1",16,"16.PLAN"
"p22","scene1",17,"17.HYPO"
"p22","scene1",18,"18.HYPO"
"p22","scene1",19,"19.META"
"p22","scene1",20,"20.FIN"
"p22","scene2",1,"1.BGN"
"p22","scene2",2,"2.PROC"
"p22","scene2",3,"3.PROC"
"p22","scene2",4,"4.EVAL"
"p22","scene2",5,"5.PLAN"
"p22","scene2",6,"6.PROC"
"p22","scene2",7,"7.EVAL"
"p22","scene2",8,"8.PLAN"
"p22","scene2",9,"9.PROC"
"p22","scene2",10,"10.PROC"
"p22","scene2",11,"11.META"
"p22","scene2",12,"12.PLAN"
"p22","scene2",13,"13.PLAN"
"p22","scene2",14,"14.PROC"
"p22","scene2",15,"15.PROC"
"p22","scene2",16,"16.EVAL"
"p22","scene2",17,"17.HYPO"
"p22","scene2",18,"18.PROC"
"p22","scene2",19,"19.PROC"
"p22","scene2",20,"20.EVAL"
"p22","scene2",21,"21.META"
"p22","scene2",22,"22.HYPO"
"p22","scene2",23,"23.EVAL"
"p22","scene2",24,"24.PROC"
"p22","scene2",25,"25.DEC"
"p22","scene2",26,"26.DEC"
"p22","scene2",27,"27.DEC"
"p22","scene2",28,"28.RUL"
"p22","scene2",29,"29.FIN"
"p22","scene3",1,"1.BGN"
"p22","scene3",2,"2.PROC"
"p22","scene3",3,"3.PROC"
"p22","scene3",4,"4.PROC"
"p22","scene3",5,"5.EVAL"
"p22","scene3",6,"6.PROC"
"p22","scene3",7,"7.PLAN"
"p22","scene3",8,"8.PROC"
"p22","scene3",9,"9.HYPO"
"p22","scene3",10,"10.EVAL"
"p22","scene3",11,"11.DEC"
"p22","scene3",12,"12.PLAN"
"p22","scene3",13,"13.EVAL"
"p22","scene3",14,"14.EVAL"
"p22","scene3",15,"15.META"
"p22","scene3",16,"16.RUL"
"p22","scene3",17,"17.DEC"
"p22","scene3",18,"18.FIN"
"p22","scene4",1,"1.BGN"
"p22","scene4",2,"2.PROC"
"p22","scene4",3,"3.PROC"
"p22","scene4",4,"4.PROC"
"p22","scene4",5,"5.PROC"
"p22","scene4",6,"6.PROC"
"p22","scene4",7,"7.EVAL"
"p22","scene4",8,"8.PLAN"
"p22","scene4",9,"9.PROC"
"p22","scene4",10,"10.EVAL"
"p22","scene4",11,"11.PROC"
"p22","scene4",12,"12.EVAL"
"p22","scene4",13,"13.EVAL"
"p22","scene4",14,"14.PLAN"
"p22","scene4",15,"15.HYPO"
"p22","scene4",16,"16.EVAL"
"p22","scene4",17,"17.HYPO"
"p22","scene4",18,"18.EVAL"
"p22","scene4",19,"19.DEC"
"p22","scene4",20,"20.RUL"
"p22","scene4",21,"21.DEC"
"p22","scene4",22,"22.FIN"
"p22","scene5",1,"1.BGN"
"p22","scene5",2,"2.PROC"
"p22","scene5",3,"3.PROC"
"p22","scene5",4,"4.PLAN"
"p22","scene5",5,"5.PROC"
"p22","scene5",6,"6.PLAN"
"p22","scene5",7,"7.HYPO"
"p22","scene5",8,"8.PROC"
"p22","scene5",9,"9.META"
"p22","scene5",10,"10.PROC"
"p22","scene5",11,"11.PROC"
"p22","scene5",12,"12.PROC"
"p22","scene5",13,"13.DEC"
"p22","scene5",14,"14.PROC"
"p22","scene5",15,"15.PROC"
"p22","scene5",16,"16.PROC"
"p22","scene5",17,"17.META"
"p22","scene5",18,"18.RUL"
"p22","scene5",19,"19.HYPO"
"p22","scene5",20,"20.META"
"p22","scene5",21,"21.META"
"p22","scene5",22,"22.PLAN"
"p22","scene5",23,"23.HYPO"
"p22","scene5",24,"24.META"
"p22","scene5",25,"25.DEC"
"p22","scene5",26,"26.RUL"
"p22","scene5",27,"27.RUL"
"p22","scene5",28,"28.FIN"
"p23","scene1",1,"1.BGN"
"p23","scene1",2,"2.ORI"
"p23","scene1",3,"3.META"
"p23","scene1",4,"4.META"
"p23","scene1",5,"5.PLAN"
"p23","scene1",6,"6.PLAN"
"p23","scene1",7,"7.PROC"
"p23","scene1",8,"8.PLAN"
"p23","scene1",9,"9.PROC"
"p23","scene1",10,"10.HYPO"
"p23","scene1",11,"11.DEC"
"p23","scene1",12,"12.PROC"
"p23","scene1",13,"13.EVAL"
"p23","scene1",14,"14.EVAL"
"p23","scene1",15,"15.PROC"
"p23","scene1",16,"16.EVAL"
"p23","scene1",17,"17.RUL"
"p23","scene1",18,"18.META"
"p23","scene1",19,"19.ORI"
"p23","scene1",20,"20.RUL"
"p23","scene1",21,"21.META"
"p23","scene1",22,"22.ORI"
"p23","scene1",23,"23.DEC"
"p23","scene1",24,"24.META"
"p23","scene1",25,"25.FIN"
"p23","scene2",1,"1.BGN"
"p23","scene2",2,"2.ORI"
"p23","scene2",3,"3.META"
"p23","scene2",4,"4.PLAN"
"p23","scene2",5,"5.META"
"p23","scene2",6,"6.ORI"
"p23","scene2",7,"7.PLAN"
"p23","scene2",8,"8.PROC"
"p23","scene2",9,"9.PROC"
"p23","scene2",10,"10.EVAL"
"p23","scene2",11,"11.PROC"
"p23","scene2",12,"12.EVAL"
"p23","scene2",13,"13.PROC"
"p23","scene2",14,"14.HYPO"
"p23","scene2",15,"15.HYPO"
"p23","scene2",16,"16.DEC"
"p23","scene2",17,"17.RUL"
"p23","scene2",18,"18.DEC"
"p23","scene2",19,"19.RUL"
"p23","scene2",20,"20.ORI"
"p23","scene2",21,"21.MEM"
"p23","scene2",22,"22.RUL"
"p23","scene2",23,"23.DEC"
"p23","scene2",24,"24.META"
"p23","scene2",25,"25.FIN"
"p23","scene3",1,"1.BGN"
"p23","scene3",2,"2.PLAN"
"p23","scene3",3,"3.PROC"
"p23","scene3",4,"4.META"
"p23","scene3",5,"5.PLAN"
"p23","scene3",6,"6.PROC"
"p23","scene3",7,"7.PROC"
"p23","scene3",8,"8.PROC"
"p23","scene3",9,"9.PROC"
"p23","scene3",10,"10.PROC"
"p23","scene3",11,"11.META"
"p23","scene3",12,"12.PROC"
"p23","scene3",13,"13.META"
"p23","scene3",14,"14.PROC"
"p23","scene3",15,"15.PROC"
"p23","scene3",16,"16.PLAN"
"p23","scene3",17,"17.PROC"
"p23","scene3",18,"18.EVAL"
"p23","scene3",19,"19.PROC"
"p23","scene3",20,"20.META"
"p23","scene3",21,"21.META"
"p23","scene3",22,"22.EVAL"
"p23","scene3",23,"23.DEC"
"p23","scene3",24,"24.PLAN"
"p23","scene3",25,"25.PROC"
"p23","scene3",26,"26.HYPO"
"p23","scene3",27,"27.HYPO"
"p23","scene3",28,"28.HYPO"
"p23","scene3",29,"29.PLAN"
"p23","scene3",30,"30.PROC"
"p23","scene3",31,"31.EVAL"
"p23","scene3",32,"32.EVAL"
"p23","scene3",33,"33.EVAL"
"p23","scene3",34,"34.EVAL"
"p23","scene3",35,"35.META"
"p23","scene3",36,"36.META"
"p23","scene3",37,"37.PLAN"
"p23","scene3",38,"38.HYPO"
"p23","scene3",39,"39.DEC"
"p23","scene3",40,"40.HYPO"
"p23","scene3",41,"41.DEC"
"p23","scene3",42,"42.RUL"
"p23","scene3",43,"43.META"
"p23","scene3",44,"44.META"
"p23","scene3",45,"45.HYPO"
"p23","scene3",46,"46.RUL"
"p23","scene3",47,"47.DEC"
"p23","scene3",48,"48.META"
"p23","scene3",49,"49.META"
"p23","scene3",50,"50.MEM"
"p23","scene3",51,"51.META"
"p23","scene3",52,"52.DEC"
"p23","scene3",53,"53.META"
"p23","scene3",54,"54.FIN"
"p23","scene4",1,"1.BGN"
"p23","scene4",2,"2.PLAN"
"p23","scene4",3,"3.PROC"
"p23","scene4",4,"4.PLAN"
"p23","scene4",5,"5.PLAN"
"p23","scene4",6,"6.PROC"
"p23","scene4",7,"7.PROC"
"p23","scene4",8,"8.EVAL"
"p23","scene4",9,"9.PROC"
"p23","scene4",10,"10.META"
"p23","scene4",11,"11.PROC"
"p23","scene4",12,"12.PROC"
"p23","scene4",13,"13.PROC"
"p23","scene4",14,"14.PROC"
"p23","scene4",15,"15.PROC"
"p23","scene4",16,"16.PROC"
"p23","scene4",17,"17.PROC"
"p23","scene4",18,"18.EVAL"
"p23","scene4",19,"19.EVAL"
"p23","scene4",20,"20.EVAL"
"p23","scene4",21,"21.EVAL"
"p23","scene4",22,"22.PROC"
"p23","scene4",23,"23.PROC"
"p23","scene4",24,"24.HYPO"
"p23","scene4",25,"25.DEC"
"p23","scene4",26,"26.PROC"
"p23","scene4",27,"27.HYPO"
"p23","scene4",28,"28.RUL"
"p23","scene4",29,"29.DEC"
"p23","scene4",30,"30.DEC"
"p23","scene4",31,"31.DEC"
"p23","scene4",32,"32.RUL"
"p23","scene4",33,"33.META"
"p23","scene4",34,"34.RUL"
"p23","scene4",35,"35.DEC"
"p23","scene4",36,"36.DEC"
"p23","scene4",37,"37.PLAN"
"p23","scene4",38,"38.EVAL"
"p23","scene4",39,"39.DEC"
"p23","scene4",40,"40.FIN"
"p23","scene5",1,"1.BGN"
"p23","scene5",2,"2.PLAN"
"p23","scene5",3,"3.PROC"
"p23","scene5",4,"4.PLAN"
"p23","scene5",5,"5.PROC"
"p23","scene5",6,"6.PROC"
"p23","scene5",7,"7.PROC"
"p23","scene5",8,"8.PROC"
"p23","scene5",9,"9.META"
"p23","scene5",10,"10.PROC"
"p23","scene5",11,"11.PROC"
"p23","scene5",12,"12.PROC"
"p23","scene5",13,"13.EVAL"
"p23","scene5",14,"14.EVAL"
"p23","scene5",15,"15.EVAL"
"p23","scene5",16,"16.EVAL"
"p23","scene5",17,"17.PLAN"
"p23","scene5",18,"18.HYPO"
"p23","scene5",19,"19.EVAL"
"p23","scene5",20,"20.RUL"
"p23","scene5",21,"21.DEC"
"p23","scene5",22,"22.DEC"
"p23","scene5",23,"23.RUL"
"p23","scene5",24,"24.RUL"
"p23","scene5",25,"25.PLAN"
"p23","scene5",26,"26.PLAN"
"p23","scene5",27,"27.PLAN"
"p23","scene5",28,"28.FIN"
"p24","scene1",1,"1.BGN"
"p24","scene1",2,"2.PROC"
"p24","scene1",3,"3.PROC"
"p24","scene1",4,"4.PROC"
"p24","scene1",5,"5.HYPO"
"p24","scene1",6,"6.PROC"
"p24","scene1",7,"7.HYPO"
"p24","scene1",8,"8.PROC"
"p24","scene1",9,"9.META"
"p24","scene1",10,"10.PROC"
"p24","scene1",11,"11.PROC"
"p24","scene1",12,"12.PROC"
"p24","scene1",13,"13.DEC"
"p24","scene1",14,"14.FIN"
"p24","scene2",1,"1.BGN"
"p24","scene2",2,"2.PROC"
"p24","scene2",3,"3.PROC"
"p24","scene2",4,"4.PROC"
"p24","scene2",5,"5.PROC"
"p24","scene2",6,"6.HYPO"
"p24","scene2",7,"7.EVAL"
"p24","scene2",8,"8.PROC"
"p24","scene2",9,"9.PROC"
"p24","scene2",10,"10.PROC"
"p24","scene2",11,"11.HYPO"
"p24","scene2",12,"12.EVAL"
"p24","scene2",13,"13.PROC"
"p24","scene2",14,"14.EVAL"
"p24","scene2",15,"15.FIN"
"p24","scene3",1,"1.BGN"
"p24","scene3",2,"2.PROC"
"p24","scene3",3,"3.PROC"
"p24","scene3",4,"4.PROC"
"p24","scene3",5,"5.PROC"
"p24","scene3",6,"6.PROC"
"p24","scene3",7,"7.PROC"
"p24","scene3",8,"8.PROC"
"p24","scene3",9,"9.PROC"
"p24","scene3",10,"10.META"
"p24","scene3",11,"11.PROC"
"p24","scene3",12,"12.PROC"
"p24","scene3",13,"13.FIN"
"p24","scene4",1,"1.BGN"
"p24","scene4",2,"2.PROC"
"p24","scene4",3,"3.PROC"
"p24","scene4",4,"4.PROC"
"p24","scene4",5,"5.PROC"
"p24","scene4",6,"6.HYPO"
"p24","scene4",7,"7.PROC"
"p24","scene4",8,"8.EVAL"
"p24","scene4",9,"9.META"
"p24","scene4",10,"10.EVAL"
"p24","scene4",11,"11.HYPO"
"p24","scene4",12,"12.PROC"
"p24","scene4",13,"13.PROC"
"p24","scene4",14,"14.PROC"
"p24","scene4",15,"15.EVAL"
"p24","scene4",16,"16.DEC"
"p24","scene4",17,"17.DEC"
"p24","scene4",18,"18.FIN"
"p24","scene5",1,"1.BGN"
"p24","scene5",2,"2.PROC"
"p24","scene5",3,"3.PROC"
"p24","scene5",4,"4.PROC"
"p24","scene5",5,"5.PROC"
"p24","scene5",6,"6.META"
"p24","scene5",7,"7.HYPO"
"p24","scene5",8,"8.PROC"
"p24","scene5",9,"9.PROC"
"p24","scene5",10,"10.HYPO"
"p24","scene5",11,"11.EVAL"
"p24","scene5",12,"12.HYPO"
"p24","scene5",13,"13.PROC"
"p24","scene5",14,"14.PROC"
"p24","scene5",15,"15.EVAL"
"p24","scene5",16,"16.DEC"
"p24","scene5",17,"17.FIN"
"p25","scene1",1,"1.BGN"
"p25","scene1",2,"2.ORI"
"p25","scene1",3,"3.ORI"
"p25","scene1",4,"4.PROC"
"p25","scene1",5,"5.META"
"p25","scene1",6,"6.PROC"
"p25","scene1",7,"7.PROC"
"p25","scene1",8,"8.HYPO"
"p25","scene1",9,"9.DEC"
"p25","scene1",10,"10.ORI"
"p25","scene1",11,"11.DEC"
"p25","scene1",12,"12.RUL"
"p25","scene1",13,"13.RUL"
"p25","scene1",14,"14.FIN"
"p25","scene2",1,"1.BGN"
"p25","scene2",2,"2.ORI"
"p25","scene2",3,"3.PROC"
"p25","scene2",4,"4.PROC"
"p25","scene2",5,"5.PROC"
"p25","scene2",6,"6.PROC"
"p25","scene2",7,"7.HYPO"
"p25","scene2",8,"8.EVAL"
"p25","scene2",9,"9.EVAL"
"p25","scene2",10,"10.PROC"
"p25","scene2",11,"11.HYPO"
"p25","scene2",12,"12.DEC"
"p25","scene2",13,"13.META"
"p25","scene2",14,"14.PROC"
"p25","scene2",15,"15.META"
"p25","scene2",16,"16.ORI"
"p25","scene2",17,"17.META"
"p25","scene2",18,"18.ORI"
"p25","scene2",19,"19.PLAN"
"p25","scene2",20,"20.DEC"
"p25","scene2",21,"21.ORI"
"p25","scene2",22,"22.RUL"
"p25","scene2",23,"23.FIN"
"p25","scene3",1,"1.BGN"
"p25","scene3",2,"2.PROC"
"p25","scene3",3,"3.PROC"
"p25","scene3",4,"4.PROC"
"p25","scene3",5,"5.HYPO"
"p25","scene3",6,"6.PROC"
"p25","scene3",7,"7.HYPO"
"p25","scene3",8,"8.PROC"
"p25","scene3",9,"9.PROC"
"p25","scene3",10,"10.EVAL"
"p25","scene3",11,"11.HYPO"
"p25","scene3",12,"12.PROC"
"p25","scene3",13,"13.DEC"
"p25","scene3",14,"14.META"
"p25","scene3",15,"15.RUL"
"p25","scene3",16,"16.FIN"
"p25","scene4",1,"1.BGN"
"p25","scene4",2,"2.PROC"
"p25","scene4",3,"3.PROC"
"p25","scene4",4,"4.PLAN"
"p25","scene4",5,"5.META"
"p25","scene4",6,"6.PROC"
"p25","scene4",7,"7.PROC"
"p25","scene4",8,"8.PROC"
"p25","scene4",9,"9.META"
"p25","scene4",10,"10.PROC"
"p25","scene4",11,"11.META"
"p25","scene4",12,"12.PROC"
"p25","scene4",13,"13.PROC"
"p25","scene4",14,"14.PROC"
"p25","scene4",15,"15.HYPO"
"p25","scene4",16,"16.HYPO"
"p25","scene4",17,"17.PROC"
"p25","scene4",18,"18.PROC"
"p25","scene4",19,"19.PROC"
"p25","scene4",20,"20.PROC"
"p25","scene4",21,"21.PROC"
"p25","scene4",22,"22.DEC"
"p25","scene4",23,"23.HYPO"
"p25","scene4",24,"24.DEC"
"p25","scene4",25,"25.RUL"
"p25","scene4",26,"26.FIN"
"p25","scene5",1,"1.BGN"
"p25","scene5",2,"2.PROC"
"p25","scene5",3,"3.PROC"
"p25","scene5",4,"4.PROC"
"p25","scene5",5,"5.PROC"
"p25","scene5",6,"6.EVAL"
"p25","scene5",7,"7.PROC"
"p25","scene5",8,"8.META"
"p25","scene5",9,"9.PLAN"
"p25","scene5",10,"10.PROC"
"p25","scene5",11,"11.META"
"p25","scene5",12,"12.DEC"
"p25","scene5",13,"13.EVAL"
"p25","scene5",14,"14.RUL"
"p25","scene5",15,"15.RUL"
"p25","scene5",16,"16.FIN"
"p26","scene1",1,"1.BGN"
"p26","scene1",2,"2.PLAN"
"p26","scene1",3,"3.PROC"
"p26","scene1",4,"4.PROC"
"p26","scene1",5,"5.PROC"
"p26","scene1",6,"6.PROC"
"p26","scene1",7,"7.PROC"
"p26","scene1",8,"8.META"
"p26","scene1",9,"9.EVAL"
"p26","scene1",10,"10.PROC"
"p26","scene1",11,"11.PROC"
"p26","scene1",12,"12.PROC"
"p26","scene1",13,"13.PROC"
"p26","scene1",14,"14.EVAL"
"p26","scene1",15,"15.META"
"p26","scene1",16,"16.PROC"
"p26","scene1",17,"17.HYPO"
"p26","scene1",18,"18.PROC"
"p26","scene1",19,"19.DEC"
"p26","scene1",20,"20.RUL"
"p26","scene1",21,"21.FIN"
"p26","scene2",1,"1.BGN"
"p26","scene2",2,"2.PLAN"
"p26","scene2",3,"3.PROC"
"p26","scene2",4,"4.PROC"
"p26","scene2",5,"5.EVAL"
"p26","scene2",6,"6.PROC"
"p26","scene2",7,"7.PROC"
"p26","scene2",8,"8.PROC"
"p26","scene2",9,"9.EVAL"
"p26","scene2",10,"10.EVAL"
"p26","scene2",11,"11.PLAN"
"p26","scene2",12,"12.PROC"
"p26","scene2",13,"13.EVAL"
"p26","scene2",14,"14.META"
"p26","scene2",15,"15.PROC"
"p26","scene2",16,"16.EVAL"
"p26","scene2",17,"17.EVAL"
"p26","scene2",18,"18.PROC"
"p26","scene2",19,"19.HYPO"
"p26","scene2",20,"20.DEC"
"p26","scene2",21,"21.HYPO"
"p26","scene2",22,"22.RUL"
"p26","scene2",23,"23.FIN"
"p26","scene3",1,"1.BGN"
"p26","scene3",2,"2.PROC"
"p26","scene3",3,"3.PROC"
"p26","scene3",4,"4.PROC"
"p26","scene3",5,"5.PROC"
"p26","scene3",6,"6.PROC"
"p26","scene3",7,"7.PROC"
"p26","scene3",8,"8.EVAL"
"p26","scene3",9,"9.EVAL"
"p26","scene3",10,"10.HYPO"
"p26","scene3",11,"11.PROC"
"p26","scene3",12,"12.PROC"
"p26","scene3",13,"13.PROC"
"p26","scene3",14,"14.DEC"
"p26","scene3",15,"15.RUL"
"p26","scene3",16,"16.META"
"p26","scene3",17,"17.PLAN"
"p26","scene3",18,"18.EVAL"
"p26","scene3",19,"19.EVAL"
"p26","scene3",20,"20.RUL"
"p26","scene3",21,"21.FIN"
"p26","scene4",1,"1.BGN"
"p26","scene4",2,"2.PROC"
"p26","scene4",3,"3.PLAN"
"p26","scene4",4,"4.PROC"
"p26","scene4",5,"5.EVAL"
"p26","scene4",6,"6.PROC"
"p26","scene4",7,"7.PROC"
"p26","scene4",8,"8.EVAL"
"p26","scene4",9,"9.PROC"
"p26","scene4",10,"10.PROC"
"p26","scene4",11,"11.PROC"
"p26","scene4",12,"12.PLAN"
"p26","scene4",13,"13.PLAN"
"p26","scene4",14,"14.PROC"
"p26","scene4",15,"15.PROC"
"p26","scene4",16,"16.EVAL"
"p26","scene4",17,"17.PROC"
"p26","scene4",18,"18.EVAL"
"p26","scene4",19,"19.PROC"
"p26","scene4",20,"20.PROC"
"p26","scene4",21,"21.EVAL"
"p26","scene4",22,"22.PROC"
"p26","scene4",23,"23.PROC"
"p26","scene4",24,"24.EVAL"
"p26","scene4",25,"25.PLAN"
"p26","scene4",26,"26.PLAN"
"p26","scene4",27,"27.HYPO"
"p26","scene4",28,"28.PROC"
"p26","scene4",29,"29.PROC"
"p26","scene4",30,"30.PROC"
"p26","scene4",31,"31.EVAL"
"p26","scene4",32,"32.EVAL"
"p26","scene4",33,"33.EVAL"
"p26","scene4",34,"34.META"
"p26","scene4",35,"35.EVAL"
"p26","scene4",36,"36.EVAL"
"p26","scene4",37,"37.HYPO"
"p26","scene4",38,"38.META"
"p26","scene4",39,"39.HYPO"
"p26","scene4",40,"40.META"
"p26","scene4",41,"41.META"
"p26","scene4",42,"42.HYPO"
"p26","scene4",43,"43.DEC"
"p26","scene4",44,"44.FIN"
"p26","scene5",1,"1.BGN"
"p26","scene5",2,"2.PROC"
"p26","scene5",3,"3.META"
"p26","scene5",4,"4.PROC"
"p26","scene5",5,"5.PLAN"
"p26","scene5",6,"6.PROC"
"p26","scene5",7,"7.PROC"
"p26","scene5",8,"8.EVAL"
"p26","scene5",9,"9.PROC"
"p26","scene5",10,"10.PROC"
"p26","scene5",11,"11.EVAL"
"p26","scene5",12,"12.PROC"
"p26","scene5",13,"13.DEC"
"p26","scene5",14,"14.PROC"
"p26","scene5",15,"15.PROC"
"p26","scene5",16,"16.DEC"
"p26","scene5",17,"17.META"
"p26","scene5",18,"18.PROC"
"p26","scene5",19,"19.PROC"
"p26","scene5",20,"20.PROC"
"p26","scene5",21,"21.PROC"
"p26","scene5",22,"22.EVAL"
"p26","scene5",23,"23.PROC"
"p26","scene5",24,"24.EVAL"
"p26","scene5",25,"25.MEM"
"p26","scene5",26,"26.MEM"
"p26","scene5",27,"27.PROC"
"p26","scene5",28,"28.DEC"
"p26","scene5",29,"29.RUL"
"p26","scene5",30,"30.FIN"
"p27","scene1",1,"1.BGN"
"p27","scene1",2,"2.PROC"
"p27","scene1",3,"3.PROC"
"p27","scene1",4,"4.HYPO"
"p27","scene1",5,"5.HYPO"
"p27","scene1",6,"6.PROC"
"p27","scene1",7,"7.PROC"
"p27","scene1",8,"8.HYPO"
"p27","scene1",9,"9.META"
"p27","scene1",10,"10.PROC"
"p27","scene1",11,"11.EVAL"
"p27","scene1",12,"12.EVAL"
"p27","scene1",13,"13.PROC"
"p27","scene1",14,"14.META"
"p27","scene1",15,"15.META"
"p27","scene1",16,"16.PROC"
"p27","scene1",17,"17.RUL"
"p27","scene1",18,"18.FIN"
"p27","scene2",1,"1.BGN"
"p27","scene2",2,"2.PROC"
"p27","scene2",3,"3.PROC"
"p27","scene2",4,"4.PLAN"
"p27","scene2",5,"5.PLAN"
"p27","scene2",6,"6.EVAL"
"p27","scene2",7,"7.PROC"
"p27","scene2",8,"8.EVAL"
"p27","scene2",9,"9.PROC"
"p27","scene2",10,"10.PROC"
"p27","scene2",11,"11.META"
"p27","scene2",12,"12.PROC"
"p27","scene2",13,"13.PLAN"
"p27","scene2",14,"14.META"
"p27","scene2",15,"15.META"
"p27","scene2",16,"16.EVAL"
"p27","scene2",17,"17.PROC"
"p27","scene2",18,"18.PROC"
"p27","scene2",19,"19.HYPO"
"p27","scene2",20,"20.RUL"
"p27","scene2",21,"21.FIN"
"p27","scene3",1,"1.BGN"
"p27","scene3",2,"2.PLAN"
"p27","scene3",3,"3.PROC"
"p27","scene3",4,"4.PROC"
"p27","scene3",5,"5.PROC"
"p27","scene3",6,"6.PROC"
"p27","scene3",7,"7.EVAL"
"p27","scene3",8,"8.EVAL"
"p27","scene3",9,"9.PROC"
"p27","scene3",10,"10.PROC"
"p27","scene3",11,"11.META"
"p27","scene3",12,"12.PROC"
"p27","scene3",13,"13.EVAL"
"p27","scene3",14,"14.META"
"p27","scene3",15,"15.PROC"
"p27","scene3",16,"16.EVAL"
"p27","scene3",17,"17.HYPO"
"p27","scene3",18,"18.PROC"
"p27","scene3",19,"19.META"
"p27","scene3",20,"20.DEC"
"p27","scene3",21,"21.RUL"
"p27","scene3",22,"22.FIN"
"p27","scene4",1,"1.BGN"
"p27","scene4",2,"2.PLAN"
"p27","scene4",3,"3.PROC"
"p27","scene4",4,"4.PROC"
"p27","scene4",5,"5.PROC"
"p27","scene4",6,"6.EVAL"
"p27","scene4",7,"7.PROC"
"p27","scene4",8,"8.HYPO"
"p27","scene4",9,"9.EVAL"
"p27","scene4",10,"10.HYPO"
"p27","scene4",11,"11.PROC"
"p27","scene4",12,"12.META"
"p27","scene4",13,"13.META"
"p27","scene4",14,"14.EVAL"
"p27","scene4",15,"15.EVAL"
"p27","scene4",16,"16.EVAL"
"p27","scene4",17,"17.PROC"
"p27","scene4",18,"18.META"
"p27","scene4",19,"19.META"
"p27","scene4",20,"20.RUL"
"p27","scene4",21,"21.FIN"
"p27","scene5",1,"1.BGN"
"p27","scene5",2,"2.PROC"
"p27","scene5",3,"3.PROC"
"p27","scene5",4,"4.EVAL"
"p27","scene5",5,"5.PROC"
"p27","scene5",6,"6.PROC"
"p27","scene5",7,"7.PROC"
"p27","scene5",8,"8.EVAL"
"p27","scene5",9,"9.PROC"
"p27","scene5",10,"10.HYPO"
"p27","scene5",11,"11.EVAL"
"p27","scene5",12,"12.PROC"
"p27","scene5",13,"13.META"
"p27","scene5",14,"14.EVAL"
"p27","scene5",15,"15.META"
"p27","scene5",16,"16.EVAL"
"p27","scene5",17,"17.RUL"
"p27","scene5",18,"18.EVAL"
"p27","scene5",19,"19.PROC"
"p27","scene5",20,"20.DEC"
"p27","scene5",21,"21.RUL"
"p27","scene5",22,"22.FIN"
"p28","scene1",1,"1.BGN"
"p28","scene1",2,"2.PROC"
"p28","scene1",3,"3.PLAN"
"p28","scene1",4,"4.HYPO"
"p28","scene1",5,"5.HYPO"
"p28","scene1",6,"6.EVAL"
"p28","scene1",7,"7.PROC"
"p28","scene1",8,"8.PLAN"
"p28","scene1",9,"9.PROC"
"p28","scene1",10,"10.EVAL"
"p28","scene1",11,"11.PLAN"
"p28","scene1",12,"12.HYPO"
"p28","scene1",13,"13.DEC"
"p28","scene1",14,"14.HYPO"
"p28","scene1",15,"15.EVAL"
"p28","scene1",16,"16.DEC"
"p28","scene1",17,"17.FIN"
"p28","scene2",1,"1.BGN"
"p28","scene2",2,"2.PROC"
"p28","scene2",3,"3.PROC"
"p28","scene2",4,"4.EVAL"
"p28","scene2",5,"5.HYPO"
"p28","scene2",6,"6.EVAL"
"p28","scene2",7,"7.DEC"
"p28","scene2",8,"8.PLAN"
"p28","scene2",9,"9.HYPO"
"p28","scene2",10,"10.EVAL"
"p28","scene2",11,"11.EVAL"
"p28","scene2",12,"12.PROC"
"p28","scene2",13,"13.HYPO"
"p28","scene2",14,"14.EVAL"
"p28","scene2",15,"15.HYPO"
"p28","scene2",16,"16.DEC"
"p28","scene2",17,"17.HYPO"
"p28","scene2",18,"18.EVAL"
"p28","scene2",19,"19.DEC"
"p28","scene2",20,"20.FIN"
"p28","scene3",1,"1.BGN"
"p28","scene3",2,"2.PROC"
"p28","scene3",3,"3.PLAN"
"p28","scene3",4,"4.PROC"
"p28","scene3",5,"5.PROC"
"p28","scene3",6,"6.PROC"
"p28","scene3",7,"7.PROC"
"p28","scene3",8,"8.HYPO"
"p28","scene3",9,"9.HYPO"
"p28","scene3",10,"10.EVAL"
"p28","scene3",11,"11.EVAL"
"p28","scene3",12,"12.DEC"
"p28","scene3",13,"13.EVAL"
"p28","scene3",14,"14.RUL"
"p28","scene3",15,"15.EVAL"
"p28","scene3",16,"16.EVAL"
"p28","scene3",17,"17.DEC"
"p28","scene3",18,"18.FIN"
"p28","scene4",1,"1.BGN"
"p28","scene4",2,"2.PROC"
"p28","scene4",3,"3.PROC"
"p28","scene4",4,"4.PROC"
"p28","scene4",5,"5.HYPO"
"p28","scene4",6,"6.EVAL"
"p28","scene4",7,"7.PROC"
"p28","scene4",8,"8.HYPO"
"p28","scene4",9,"9.EVAL"
"p28","scene4",10,"10.HYPO"
"p28","scene4",11,"11.EVAL"
"p28","scene4",12,"12.PROC"
"p28","scene4",13,"13.EVAL"
"p28","scene4",14,"14.HYPO"
"p28","scene4",15,"15.EVAL"
"p28","scene4",16,"16.PROC"
"p28","scene4",17,"17.HYPO"
"p28","scene4",18,"18.EVAL"
"p28","scene4",19,"19.EVAL"
"p28","scene4",20,"20.META"
"p28","scene4",21,"21.PLAN"
"p28","scene4",22,"22.HYPO"
"p28","scene4",23,"23.HYPO"
"p28","scene4",24,"24.EVAL"
"p28","scene4",25,"25.HYPO"
"p28","scene4",26,"26.HYPO"
"p28","scene4",27,"27.EVAL"
"p28","scene4",28,"28.FIN"
"p28","scene5",1,"1.BGN"
"p28","scene5",2,"2.PROC"
"p28","scene5",3,"3.PROC"
"p28","scene5",4,"4.HYPO"
"p28","scene5",5,"5.EVAL"
"p28","scene5",6,"6.HYPO"
"p28","scene5",7,"7.EVAL"
"p28","scene5",8,"8.PROC"
"p28","scene5",9,"9.PROC"
"p28","scene5",10,"10.PROC"
"p28","scene5",11,"11.META"
"p28","scene5",12,"12.EVAL"
"p28","scene5",13,"13.HYPO"
"p28","scene5",14,"14.EVAL"
"p28","scene5",15,"15.DEC"
"p28","scene5",16,"16.RUL"
"p28","scene5",17,"17.FIN"
"p29","scene1",1,"1.BGN"
"p29","scene1",2,"2.PROC"
"p29","scene1",3,"3.PLAN"
"p29","scene1",4,"4.PROC"
"p29","scene1",5,"5.PROC"
"p29","scene1",6,"6.HYPO"
"p29","scene1",7,"7.DEC"
"p29","scene1",8,"8.RUL"
"p29","scene1",9,"9.RUL"
"p29","scene1",10,"10.META"
"p29","scene1",11,"11.META"
"p29","scene1",12,"12.PLAN"
"p29","scene1",13,"13.META"
"p29","scene1",14,"14.RUL"
"p29","scene1",15,"15.RUL"
"p29","scene1",16,"16.META"
"p29","scene1",17,"17.FIN"
"p29","scene2",1,"1.BGN"
"p29","scene2",2,"2.META"
"p29","scene2",3,"3.PLAN"
"p29","scene2",4,"4.PROC"
"p29","scene2",5,"5.PROC"
"p29","scene2",6,"6.HYPO"
"p29","scene2",7,"7.META"
"p29","scene2",8,"8.META"
"p29","scene2",9,"9.META"
"p29","scene2",10,"10.PLAN"
"p29","scene2",11,"11.PROC"
"p29","scene2",12,"12.PROC"
"p29","scene2",13,"13.META"
"p29","scene2",14,"14.PLAN"
"p29","scene2",15,"15.EVAL"
"p29","scene2",16,"16.PROC"
"p29","scene2",17,"17.META"
"p29","scene2",18,"18.META"
"p29","scene2",19,"19.PROC"
"p29","scene2",20,"20.PROC"
"p29","scene2",21,"21.META"
"p29","scene2",22,"22.PLAN"
"p29","scene2",23,"23.FIN"
"p29","scene3",1,"1.BGN"
"p29","scene3",2,"2.PLAN"
"p29","scene3",3,"3.META"
"p29","scene3",4,"4.META"
"p29","scene3",5,"5.PROC"
"p29","scene3",6,"6.EVAL"
"p29","scene3",7,"7.PLAN"
"p29","scene3",8,"8.META"
"p29","scene3",9,"9.DEC"
"p29","scene3",10,"10.FIN"
"p29","scene4",1,"1.BGN"
"p29","scene4",2,"2.PLAN"
"p29","scene4",3,"3.META"
"p29","scene4",4,"4.PLAN"
"p29","scene4",5,"5.PROC"
"p29","scene4",6,"6.PLAN"
"p29","scene4",7,"7.EVAL"
"p29","scene4",8,"8.PLAN"
"p29","scene4",9,"9.EVAL"
"p29","scene4",10,"10.PLAN"
"p29","scene4",11,"11.META"
"p29","scene4",12,"12.PLAN"
"p29","scene4",13,"13.META"
"p29","scene4",14,"14.META"
"p29","scene4",15,"15.PROC"
"p29","scene4",16,"16.PROC"
"p29","scene4",17,"17.DEC"
"p29","scene4",18,"18.DEC"
"p29","scene4",19,"19.FIN"
"p29","scene5",1,"1.BGN"
"p29","scene5",2,"2.PLAN"
"p29","scene5",3,"3.META"
"p29","scene5",4,"4.PLAN"
"p29","scene5",5,"5.PROC"
"p29","scene5",6,"6.PROC"
"p29","scene5",7,"7.PROC"
"p29","scene5",8,"8.PROC"
"p29","scene5",9,"9.HYPO"
"p29","scene5",10,"10.HYPO"
"p29","scene5",11,"11.PROC"
"p29","scene5",12,"12.HYPO"
"p29","scene5",13,"13.META"
"p29","scene5",14,"14.EVAL"
"p29","scene5",15,"15.FIN"
"p30","scene1",1,"1.BGN"
"p30","scene1",2,"2.PROC"
"p30","scene1",3,"3.PROC"
"p30","scene1",4,"4.HYPO"
"p30","scene1",5,"5.PLAN"
"p30","scene1",6,"6.EVAL"
"p30","scene1",7,"7.PROC"
"p30","scene1",8,"8.DEC"
"p30","scene1",9,"9.PLAN"
"p30","scene1",10,"10.EVAL"
"p30","scene1",11,"11.EVAL"
"p30","scene1",12,"12.DEC"
"p30","scene1",13,"13.RUL"
"p30","scene1",14,"14.FIN"
"p30","scene2",1,"1.BGN"
"p30","scene2",2,"2.PROC"
"p30","scene2",3,"3.EVAL"
"p30","scene2",4,"4.PLAN"
"p30","scene2",5,"5.META"
"p30","scene2",6,"6.HYPO"
"p30","scene2",7,"7.EVAL"
"p30","scene2",8,"8.PROC"
"p30","scene2",9,"9.META"
"p30","scene2",10,"10.PROC"
"p30","scene2",11,"11.HYPO"
"p30","scene2",12,"12.PROC"
"p30","scene2",13,"13.META"
"p30","scene2",14,"14.HYPO"
"p30","scene2",15,"15.PROC"
"p30","scene2",16,"16.META"
"p30","scene2",17,"17.EVAL"
"p30","scene2",18,"18.PLAN"
"p30","scene2",19,"19.PROC"
"p30","scene2",20,"20.PROC"
"p30","scene2",21,"21.EVAL"
"p30","scene2",22,"22.META"
"p30","scene2",23,"23.EVAL"
"p30","scene2",24,"24.FIN"
"p30","scene3",1,"1.BGN"
"p30","scene3",2,"2.PLAN"
"p30","scene3",3,"3.PROC"
"p30","scene3",4,"4.PROC"
"p30","scene3",5,"5.EVAL"
"p30","scene3",6,"6.EVAL"
"p30","scene3",7,"7.EVAL"
"p30","scene3",8,"8.PROC"
"p30","scene3",9,"9.HYPO"
"p30","scene3",10,"10.HYPO"
"p30","scene3",11,"11.PROC"
"p30","scene3",12,"12.DEC"
"p30","scene3",13,"13.RUL"
"p30","scene3",14,"14.EVAL"
"p30","scene3",15,"15.FIN"
"p30","scene4",1,"1.BGN"
"p30","scene4",2,"2.PLAN"
"p30","scene4",3,"3.PROC"
"p30","scene4",4,"4.PROC"
"p30","scene4",5,"5.HYPO"
"p30","scene4",6,"6.EVAL"
"p30","scene4",7,"7.RUL"
"p30","scene4",8,"8.PLAN"
"p30","scene4",9,"9.PROC"
"p30","scene4",10,"10.EVAL"
"p30","scene4",11,"11.PROC"
"p30","scene4",12,"12.HYPO"
"p30","scene4",13,"13.EVAL"
"p30","scene4",14,"14.PLAN"
"p30","scene4",15,"15.EVAL"
"p30","scene4",16,"16.META"
"p30","scene4",17,"17.EVAL"
"p30","scene4",18,"18.FIN"
"p30","scene5",1,"1.BGN"
"p30","scene5",2,"2.PLAN"
"p30","scene5",3,"3.PROC"
"p30","scene5",4,"4.PLAN"
"p30","scene5",5,"5.EVAL"
"p30","scene5",6,"6.HYPO"
"p30","scene5",7,"7.PROC"
"p30","scene5",8,"8.EVAL"
"p30","scene5",9,"9.HYPO"
"p30","scene5",10,"10.PROC"
"p30","scene5",11,"11.META"
"p30","scene5",12,"12.HYPO"
"p30","scene5",13,"13.PROC"
"p30","scene5",14,"14.EVAL"
"p30","scene5",15,"15.PROC"
"p30","scene5",16,"16.EVAL"
"p30","scene5",17,"17.PROC"
"p30","scene5",18,"18.RUL"
"p30","scene5",19,"19.FIN"
"p31","scene1",1,"1.BGN"
"p31","scene1",2,"2.ORI"
"p31","scene1",3,"3.PROC"
"p31","scene1",4,"4.EVAL"
"p31","scene1",5,"5.PROC"
"p31","scene1",6,"6.EVAL"
"p31","scene1",7,"7.PROC"
"p31","scene1",8,"8.EVAL"
"p31","scene1",9,"9.META"
"p31","scene1",10,"10.PROC"
"p31","scene1",11,"11.HYPO"
"p31","scene1",12,"12.EVAL"
"p31","scene1",13,"13.META"
"p31","scene1",14,"14.META"
"p31","scene1",15,"15.HYPO"
"p31","scene1",16,"16.DEC"
"p31","scene1",17,"17.RUL"
"p31","scene1",18,"18.DEC"
"p31","scene1",19,"19.RUL"
"p31","scene1",20,"20.FIN"
"p31","scene2",1,"1.BGN"
"p31","scene2",2,"2.ORI"
"p31","scene2",3,"3.PROC"
"p31","scene2",4,"4.EVAL"
"p31","scene2",5,"5.PROC"
"p31","scene2",6,"6.PROC"
"p31","scene2",7,"7.PROC"
"p31","scene2",8,"8.META"
"p31","scene2",9,"9.META"
"p31","scene2",10,"10.PROC"
"p31","scene2",11,"11.PLAN"
"p31","scene2",12,"12.PROC"
"p31","scene2",13,"13.EVAL"
"p31","scene2",14,"14.PROC"
"p31","scene2",15,"15.META"
"p31","scene2",16,"16.PLAN"
"p31","scene2",17,"17.EVAL"
"p31","scene2",18,"18.EVAL"
"p31","scene2",19,"19.META"
"p31","scene2",20,"20.META"
"p31","scene2",21,"21.PROC"
"p31","scene2",22,"22.HYPO"
"p31","scene2",23,"23.META"
"p31","scene2",24,"24.FIN"
"p31","scene3",1,"1.BGN"
"p31","scene3",2,"2.PROC"
"p31","scene3",3,"3.EVAL"
"p31","scene3",4,"4.PROC"
"p31","scene3",5,"5.HYPO"
"p31","scene3",6,"6.HYPO"
"p31","scene3",7,"7.EVAL"
"p31","scene3",8,"8.HYPO"
"p31","scene3",9,"9.PROC"
"p31","scene3",10,"10.PROC"
"p31","scene3",11,"11.DEC"
"p31","scene3",12,"12.PROC"
"p31","scene3",13,"13.PROC"
"p31","scene3",14,"14.DEC"
"p31","scene3",15,"15.RUL"
"p31","scene3",16,"16.PROC"
"p31","scene3",17,"17.META"
"p31","scene3",18,"18.DEC"
"p31","scene3",19,"19.RUL"
"p31","scene3",20,"20.FIN"
"p31","scene4",1,"1.BGN"
"p31","scene4",2,"2.ORI"
"p31","scene4",3,"3.PROC"
"p31","scene4",4,"4.DEC"
"p31","scene4",5,"5.HYPO"
"p31","scene4",6,"6.DEC"
"p31","scene4",7,"7.PLAN"
"p31","scene4",8,"8.HYPO"
"p31","scene4",9,"9.EVAL"
"p31","scene4",10,"10.PROC"
"p31","scene4",11,"11.HYPO"
"p31","scene4",12,"12.EVAL"
"p31","scene4",13,"13.RUL"
"p31","scene4",14,"14.DEC"
"p31","scene4",15,"15.PROC"
"p31","scene4",16,"16.EVAL"
"p31","scene4",17,"17.DEC"
"p31","scene4",18,"18.RUL"
"p31","scene4",19,"19.FIN"
"p31","scene5",1,"1.BGN"
"p31","scene5",2,"2.ORI"
"p31","scene5",3,"3.PROC"
"p31","scene5",4,"4.META"
"p31","scene5",5,"5.PROC"
"p31","scene5",6,"6.EVAL"
"p31","scene5",7,"7.PROC"
"p31","scene5",8,"8.EVAL"
"p31","scene5",9,"9.PROC"
"p31","scene5",10,"10.HYPO"
"p31","scene5",11,"11.META"
"p31","scene5",12,"12.META"
"p31","scene5",13,"13.EVAL"
"p31","scene5",14,"14.HYPO"
"p31","scene5",15,"15.DEC"
"p31","scene5",16,"16.RUL"
"p31","scene5",17,"17.RUL"
"p31","scene5",18,"18.FIN"
"p32","scene1",1,"1.BGN"
"p32","scene1",2,"2.PROC"
"p32","scene1",3,"3.PROC"
"p32","scene1",4,"4.PROC"
"p32","scene1",5,"5.PROC"
"p32","scene1",6,"6.PROC"
"p32","scene1",7,"7.META"
"p32","scene1",8,"8.PROC"
"p32","scene1",9,"9.PROC"
"p32","scene1",10,"10.PROC"
"p32","scene1",11,"11.EVAL"
"p32","scene1",12,"12.HYPO"
"p32","scene1",13,"13.HYPO"
"p32","scene1",14,"14.EVAL"
"p32","scene1",15,"15.HYPO"
"p32","scene1",16,"16.FIN"
"p32","scene2",1,"1.BGN"
"p32","scene2",2,"2.PROC"
"p32","scene2",3,"3.PROC"
"p32","scene2",4,"4.PROC"
"p32","scene2",5,"5.PROC"
"p32","scene2",6,"6.PROC"
"p32","scene2",7,"7.PROC"
"p32","scene2",8,"8.PROC"
"p32","scene2",9,"9.META"
"p32","scene2",10,"10.PROC"
"p32","scene2",11,"11.EVAL"
"p32","scene2",12,"12.EVAL"
"p32","scene2",13,"13.PROC"
"p32","scene2",14,"14.HYPO"
"p32","scene2",15,"15.EVAL"
"p32","scene2",16,"16.PLAN"
"p32","scene2",17,"17.EVAL"
"p32","scene2",18,"18.FIN"
"p32","scene3",1,"1.BGN"
"p32","scene3",2,"2.PROC"
"p32","scene3",3,"3.HYPO"
"p32","scene3",4,"4.DEC"
"p32","scene3",5,"5.HYPO"
"p32","scene3",6,"6.PROC"
"p32","scene3",7,"7.EVAL"
"p32","scene3",8,"8.RUL"
"p32","scene3",9,"9.DEC"
"p32","scene3",10,"10.FIN"
"p32","scene4",1,"1.BGN"
"p32","scene4",2,"2.PROC"
"p32","scene4",3,"3.PROC"
"p32","scene4",4,"4.PROC"
"p32","scene4",5,"5.PROC"
"p32","scene4",6,"6.PROC"
"p32","scene4",7,"7.HYPO"
"p32","scene4",8,"8.EVAL"
"p32","scene4",9,"9.EVAL"
"p32","scene4",10,"10.HYPO"
"p32","scene4",11,"11.HYPO"
"p32","scene4",12,"12.PROC"
"p32","scene4",13,"13.HYPO"
"p32","scene4",14,"14.EVAL"
"p32","scene4",15,"15.RUL"
"p32","scene4",16,"16.FIN"
"p32","scene5",1,"1.BGN"
"p32","scene5",2,"2.PROC"
"p32","scene5",3,"3.PROC"
"p32","scene5",4,"4.PROC"
"p32","scene5",5,"5.PROC"
"p32","scene5",6,"6.PROC"
"p32","scene5",7,"7.PROC"
"p32","scene5",8,"8.PROC"
"p32","scene5",9,"9.PROC"
"p32","scene5",10,"10.PROC"
"p32","scene5",11,"11.HYPO"
"p32","scene5",12,"12.EVAL"
"p32","scene5",13,"13.PROC"
"p32","scene5",14,"14.PROC"
"p32","scene5",15,"15.HYPO"
"p32","scene5",16,"16.DEC"
"p32","scene5",17,"17.RUL"
"p32","scene5",18,"18.FIN"
"p33","scene1",1,"1.BGN"
"p33","scene1",2,"2.ORI"
"p33","scene1",3,"3.PROC"
"p33","scene1",4,"4.PROC"
"p33","scene1",5,"5.PROC"
"p33","scene1",6,"6.PROC"
"p33","scene1",7,"7.HYPO"
"p33","scene1",8,"8.EVAL"
"p33","scene1",9,"9.DEC"
"p33","scene1",10,"10.PROC"
"p33","scene1",11,"11.EVAL"
"p33","scene1",12,"12.DEC"
"p33","scene1",13,"13.HYPO"
"p33","scene1",14,"14.EVAL"
"p33","scene1",15,"15.EVAL"
"p33","scene1",16,"16.EVAL"
"p33","scene1",17,"17.RUL"
"p33","scene1",18,"18.FIN"
"p33","scene2",1,"1.BGN"
"p33","scene2",2,"2.PROC"
"p33","scene2",3,"3.PLAN"
"p33","scene2",4,"4.PROC"
"p33","scene2",5,"5.PROC"
"p33","scene2",6,"6.PROC"
"p33","scene2",7,"7.HYPO"
"p33","scene2",8,"8.EVAL"
"p33","scene2",9,"9.DEC"
"p33","scene2",10,"10.PROC"
"p33","scene2",11,"11.HYPO"
"p33","scene2",12,"12.EVAL"
"p33","scene2",13,"13.DEC"
"p33","scene2",14,"14.RUL"
"p33","scene2",15,"15.FIN"
"p33","scene3",1,"1.BGN"
"p33","scene3",2,"2.PROC"
"p33","scene3",3,"3.PROC"
"p33","scene3",4,"4.DEC"
"p33","scene3",5,"5.HYPO"
"p33","scene3",6,"6.EVAL"
"p33","scene3",7,"7.PROC"
"p33","scene3",8,"8.EVAL"
"p33","scene3",9,"9.PROC"
"p33","scene3",10,"10.EVAL"
"p33","scene3",11,"11.META"
"p33","scene3",12,"12.RUL"
"p33","scene3",13,"13.FIN"
"p33","scene4",1,"1.BGN"
"p33","scene4",2,"2.PROC"
"p33","scene4",3,"3.EVAL"
"p33","scene4",4,"4.PROC"
"p33","scene4",5,"5.EVAL"
"p33","scene4",6,"6.META"
"p33","scene4",7,"7.EVAL"
"p33","scene4",8,"8.PROC"
"p33","scene4",9,"9.PROC"
"p33","scene4",10,"10.HYPO"
"p33","scene4",11,"11.EVAL"
"p33","scene4",12,"12.PROC"
"p33","scene4",13,"13.EVAL"
"p33","scene4",14,"14.PROC"
"p33","scene4",15,"15.PROC"
"p33","scene4",16,"16.DEC"
"p33","scene4",17,"17.PROC"
"p33","scene4",18,"18.DEC"
"p33","scene4",19,"19.EVAL"
"p33","scene4",20,"20.RUL"
"p33","scene4",21,"21.FIN"
"p33","scene5",1,"1.BGN"
"p33","scene5",2,"2.PROC"
"p33","scene5",3,"3.PROC"
"p33","scene5",4,"4.HYPO"
"p33","scene5",5,"5.PROC"
"p33","scene5",6,"6.EVAL"
"p33","scene5",7,"7.PLAN"
"p33","scene5",8,"8.HYPO"
"p33","scene5",9,"9.EVAL"
"p33","scene5",10,"10.EVAL"
"p33","scene5",11,"11.EVAL"
"p33","scene5",12,"12.DEC"
"p33","scene5",13,"13.EVAL"
"p33","scene5",14,"14.EVAL"
"p33","scene5",15,"15.RUL"
"p33","scene5",16,"16.FIN"
"p34","scene1",1,"1.BGN"
"p34","scene1",2,"2.PROC"
"p34","scene1",3,"3.PROC"
"p34","scene1",4,"4.PROC"
"p34","scene1",5,"5.PROC"
"p34","scene1",6,"6.PROC"
"p34","scene1",7,"7.META"
"p34","scene1",8,"8.PROC"
"p34","scene1",9,"9.EVAL"
"p34","scene1",10,"10.HYPO"
"p34","scene1",11,"11.EVAL"
"p34","scene1",12,"12.DEC"
"p34","scene1",13,"13.META"
"p34","scene1",14,"14.PROC"
"p34","scene1",15,"15.META"
"p34","scene1",16,"16.RUL"
"p34","scene1",17,"17.META"
"p34","scene1",18,"18.DEC"
"p34","scene1",19,"19.FIN"
"p34","scene2",1,"1.BGN"
"p34","scene2",2,"2.PLAN"
"p34","scene2",3,"3.PROC"
"p34","scene2",4,"4.PROC"
"p34","scene2",5,"5.PROC"
"p34","scene2",6,"6.EVAL"
"p34","scene2",7,"7.HYPO"
"p34","scene2",8,"8.HYPO"
"p34","scene2",9,"9.DEC"
"p34","scene2",10,"10.PROC"
"p34","scene2",11,"11.PROC"
"p34","scene2",12,"12.EVAL"
"p34","scene2",13,"13.EVAL"
"p34","scene2",14,"14.DEC"
"p34","scene2",15,"15.PLAN"
"p34","scene2",16,"16.PROC"
"p34","scene2",17,"17.EVAL"
"p34","scene2",18,"18.RUL"
"p34","scene2",19,"19.FIN"
"p34","scene3",1,"1.BGN"
"p34","scene3",2,"2.PLAN"
"p34","scene3",3,"3.PLAN"
"p34","scene3",4,"4.PROC"
"p34","scene3",5,"5.EVAL"
"p34","scene3",6,"6.PROC"
"p34","scene3",7,"7.META"
"p34","scene3",8,"8.HYPO"
"p34","scene3",9,"9.PROC"
"p34","scene3",10,"10.META"
"p34","scene3",11,"11.EVAL"
"p34","scene3",12,"12.RUL"
"p34","scene3",13,"13.DEC"
"p34","scene3",14,"14.FIN"
"p34","scene4",1,"1.BGN"
"p34","scene4",2,"2.PROC"
"p34","scene4",3,"3.META"
"p34","scene4",4,"4.EVAL"
"p34","scene4",5,"5.PLAN"
"p34","scene4",6,"6.PROC"
"p34","scene4",7,"7.EVAL"
"p34","scene4",8,"8.META"
"p34","scene4",9,"9.HYPO"
"p34","scene4",10,"10.PROC"
"p34","scene4",11,"11.RUL"
"p34","scene4",12,"12.META"
"p34","scene4",13,"13.RUL"
"p34","scene4",14,"14.META"
"p34","scene4",15,"15.DEC"
"p34","scene4",16,"16.FIN"
"p34","scene5",1,"1.BGN"
"p34","scene5",2,"2.PROC"
"p34","scene5",3,"3.PLAN"
"p34","scene5",4,"4.META"
"p34","scene5",5,"5.PLAN"
"p34","scene5",6,"6.EVAL"
"p34","scene5",7,"7.PROC"
"p34","scene5",8,"8.META"
"p34","scene5",9,"9.PROC"
"p34","scene5",10,"10.HYPO"
"p34","scene5",11,"11.DEC"
"p34","scene5",12,"12.META"
"p34","scene5",13,"13.META"
"p34","scene5",14,"14.PROC"
"p34","scene5",15,"15.EVAL"
"p34","scene5",16,"16.RUL"
"p34","scene5",17,"17.FIN"
"p35","scene1",1,"1.BGN"
"p35","scene1",2,"2.PROC"
"p35","scene1",3,"3.HYPO"
"p35","scene1",4,"4.HYPO"
"p35","scene1",5,"5.PROC"
"p35","scene1",6,"6.HYPO"
"p35","scene1",7,"7.EVAL"
"p35","scene1",8,"8.HYPO"
"p35","scene1",9,"9.EVAL"
"p35","scene1",10,"10.PROC"
"p35","scene1",11,"11.HYPO"
"p35","scene1",12,"12.PROC"
"p35","scene1",13,"13.EVAL"
"p35","scene1",14,"14.HYPO"
"p35","scene1",15,"15.META"
"p35","scene1",16,"16.EVAL"
"p35","scene1",17,"17.META"
"p35","scene1",18,"18.HYPO"
"p35","scene1",19,"19.EVAL"
"p35","scene1",20,"20.DEC"
"p35","scene1",21,"21.RUL"
"p35","scene1",22,"22.HYPO"
"p35","scene1",23,"23.FIN"
"p35","scene2",1,"1.BGN"
"p35","scene2",2,"2.PROC"
"p35","scene2",3,"3.PROC"
"p35","scene2",4,"4.EVAL"
"p35","scene2",5,"5.PROC"
"p35","scene2",6,"6.PROC"
"p35","scene2",7,"7.PROC"
"p35","scene2",8,"8.EVAL"
"p35","scene2",9,"9.HYPO"
"p35","scene2",10,"10.EVAL"
"p35","scene2",11,"11.HYPO"
"p35","scene2",12,"12.EVAL"
"p35","scene2",13,"13.HYPO"
"p35","scene2",14,"14.EVAL"
"p35","scene2",15,"15.META"
"p35","scene2",16,"16.HYPO"
"p35","scene2",17,"17.HYPO"
"p35","scene2",18,"18.PROC"
"p35","scene2",19,"19.DEC"
"p35","scene2",20,"20.EVAL"
"p35","scene2",21,"21.RUL"
"p35","scene2",22,"22.DEC"
"p35","scene2",23,"23.META"
"p35","scene2",24,"24.FIN"
"p35","scene3",1,"1.BGN"
"p35","scene3",2,"2.UNK"
"p35","scene3",3,"3.PROC"
"p35","scene3",4,"4.META"
"p35","scene3",5,"5.PROC"
"p35","scene3",6,"6.EVAL"
"p35","scene3",7,"7.HYPO"
"p35","scene3",8,"8.PROC"
"p35","scene3",9,"9.EVAL"
"p35","scene3",10,"10.PLAN"
"p35","scene3",11,"11.HYPO"
"p35","scene3",12,"12.PROC"
"p35","scene3",13,"13.PROC"
"p35","scene3",14,"14.HYPO"
"p35","scene3",15,"15.PROC"
"p35","scene3",16,"16.DEC"
"p35","scene3",17,"17.META"
"p35","scene3",18,"18.DEC"
"p35","scene3",19,"19.META"
"p35","scene3",20,"20.META"
"p35","scene3",21,"21.RUL"
"p35","scene3",22,"22.DEC"
"p35","scene3",23,"23.META"
"p35","scene3",24,"24.FIN"
"p35","scene4",1,"1.BGN"
"p35","scene4",2,"2.PROC"
"p35","scene4",3,"3.EVAL"
"p35","scene4",4,"4.PROC"
"p35","scene4",5,"5.EVAL"
"p35","scene4",6,"6.DEC"
"p35","scene4",7,"7.PLAN"
"p35","scene4",8,"8.HYPO"
"p35","scene4",9,"9.META"
"p35","scene4",10,"10.PROC"
"p35","scene4",11,"11.DEC"
"p35","scene4",12,"12.META"
"p35","scene4",13,"13.META"
"p35","scene4",14,"14.RUL"
"p35","scene4",15,"15.FIN"
"p35","scene5",1,"1.BGN"
"p35","scene5",2,"2.META"
"p35","scene5",3,"3.PROC"
"p35","scene5",4,"4.PROC"
"p35","scene5",5,"5.EVAL"
"p35","scene5",6,"6.EVAL"
"p35","scene5",7,"7.HYPO"
"p35","scene5",8,"8.PROC"
"p35","scene5",9,"9.HYPO"
"p35","scene5",10,"10.PROC"
"p35","scene5",11,"11.PROC"
"p35","scene5",12,"12.DEC"
"p35","scene5",13,"13.DEC"
"p35","scene5",14,"14.PROC"
"p35","scene5",15,"15.EVAL"
"p35","scene5",16,"16.EVAL"
"p35","scene5",17,"17.DEC"
"p35","scene5",18,"18.PROC"
"p35","scene5",19,"19.DEC"
"p35","scene5",20,"20.RUL"
"p35","scene5",21,"21.FIN"
"p36","scene1",1,"1.BGN"
"p36","scene1",2,"2.ORI"
"p36","scene1",3,"3.PROC"
"p36","scene1",4,"4.PROC"
"p36","scene1",5,"5.PROC"
"p36","scene1",6,"6.PROC"
"p36","scene1",7,"7.PROC"
"p36","scene1",8,"8.PROC"
"p36","scene1",9,"9.PLAN"
"p36","scene1",10,"10.HYPO"
"p36","scene1",11,"11.META"
"p36","scene1",12,"12.PROC"
"p36","scene1",13,"13.DEC"
"p36","scene1",14,"14.FIN"
"p36","scene2",1,"1.BGN"
"p36","scene2",2,"2.ORI"
"p36","scene2",3,"3.PROC"
"p36","scene2",4,"4.PROC"
"p36","scene2",5,"5.PROC"
"p36","scene2",6,"6.EVAL"
"p36","scene2",7,"7.EVAL"
"p36","scene2",8,"8.EVAL"
"p36","scene2",9,"9.PLAN"
"p36","scene2",10,"10.HYPO"
"p36","scene2",11,"11.HYPO"
"p36","scene2",12,"12.EVAL"
"p36","scene2",13,"13.HYPO"
"p36","scene2",14,"14.HYPO"
"p36","scene2",15,"15.HYPO"
"p36","scene2",16,"16.FIN"
"p36","scene3",1,"1.BGN"
"p36","scene3",2,"2.ORI"
"p36","scene3",3,"3.PROC"
"p36","scene3",4,"4.PROC"
"p36","scene3",5,"5.PROC"
"p36","scene3",6,"6.PROC"
"p36","scene3",7,"7.PROC"
"p36","scene3",8,"8.PROC"
"p36","scene3",9,"9.HYPO"
"p36","scene3",10,"10.META"
"p36","scene3",11,"11.HYPO"
"p36","scene3",12,"12.EVAL"
"p36","scene3",13,"13.PROC"
"p36","scene3",14,"14.PROC"
"p36","scene3",15,"15.FIN"
"p36","scene4",1,"1.BGN"
"p36","scene4",2,"2.PLAN"
"p36","scene4",3,"3.PROC"
"p36","scene4",4,"4.PROC"
"p36","scene4",5,"5.PROC"
"p36","scene4",6,"6.PLAN"
"p36","scene4",7,"7.HYPO"
"p36","scene4",8,"8.PROC"
"p36","scene4",9,"9.PROC"
"p36","scene4",10,"10.META"
"p36","scene4",11,"11.META"
"p36","scene4",12,"12.PROC"
"p36","scene4",13,"13.PROC"
"p36","scene4",14,"14.PROC"
"p36","scene4",15,"15.PROC"
"p36","scene4",16,"16.FIN"
"p36","scene5",1,"1.BGN"
"p36","scene5",2,"2.META"
"p36","scene5",3,"3.PROC"
"p36","scene5",4,"4.PROC"
"p36","scene5",5,"5.PROC"
"p36","scene5",6,"6.PLAN"
"p36","scene5",7,"7.PROC"
"p36","scene5",8,"8.HYPO"
"p36","scene5",9,"9.META"
"p36","scene5",10,"10.FIN"
"p37","scene1",1,"1.BGN"
"p37","scene1",2,"2.ORI"
"p37","scene1",3,"3.PROC"
"p37","scene1",4,"4.PROC"
"p37","scene1",5,"5.PROC"
"p37","scene1",6,"6.PROC"
"p37","scene1",7,"7.PROC"
"p37","scene1",8,"8.PROC"
"p37","scene1",9,"9.PROC"
"p37","scene1",10,"10.PROC"
"p37","scene1",11,"11.PLAN"
"p37","scene1",12,"12.HYPO"
"p37","scene1",13,"13.HYPO"
"p37","scene1",14,"14.EVAL"
"p37","scene1",15,"15.FIN"
"p37","scene2",1,"1.BGN"
"p37","scene2",2,"2.ORI"
"p37","scene2",3,"3.PROC"
"p37","scene2",4,"4.PROC"
"p37","scene2",5,"5.PROC"
"p37","scene2",6,"6.PROC"
"p37","scene2",7,"7.HYPO"
"p37","scene2",8,"8.META"
"p37","scene2",9,"9.PROC"
"p37","scene2",10,"10.META"
"p37","scene2",11,"11.HYPO"
"p37","scene2",12,"12.META"
"p37","scene2",13,"13.PROC"
"p37","scene2",14,"14.PLAN"
"p37","scene2",15,"15.EVAL"
"p37","scene2",16,"16.META"
"p37","scene2",17,"17.META"
"p37","scene2",18,"18.FIN"
"p37","scene3",1,"1.BGN"
"p37","scene3",2,"2.PROC"
"p37","scene3",3,"3.PROC"
"p37","scene3",4,"4.META"
"p37","scene3",5,"5.PROC"
"p37","scene3",6,"6.PROC"
"p37","scene3",7,"7.HYPO"
"p37","scene3",8,"8.PROC"
"p37","scene3",9,"9.HYPO"
"p37","scene3",10,"10.PROC"
"p37","scene3",11,"11.META"
"p37","scene3",12,"12.PROC"
"p37","scene3",13,"13.PROC"
"p37","scene3",14,"14.FIN"
"p37","scene4",1,"1.BGN"
"p37","scene4",2,"2.ORI"
"p37","scene4",3,"3.PROC"
"p37","scene4",4,"4.PROC"
"p37","scene4",5,"5.META"
"p37","scene4",6,"6.PROC"
"p37","scene4",7,"7.HYPO"
"p37","scene4",8,"8.META"
"p37","scene4",9,"9.PROC"
"p37","scene4",10,"10.PROC"
"p37","scene4",11,"11.META"
"p37","scene4",12,"12.FIN"
"p37","scene5",1,"1.BGN"
"p37","scene5",2,"2.ORI"
"p37","scene5",3,"3.PROC"
"p37","scene5",4,"4.PROC"
"p37","scene5",5,"5.PROC"
"p37","scene5",6,"6.PROC"
"p37","scene5",7,"7.PROC"
"p37","scene5",8,"8.PROC"
"p37","scene5",9,"9.PROC"
"p37","scene5",10,"10.HYPO"
"p37","scene5",11,"11.EVAL"
"p37","scene5",12,"12.DEC"
"p37","scene5",13,"13.META"
"p37","scene5",14,"14.META"
"p37","scene5",15,"15.EVAL"
"p37","scene5",16,"16.FIN"
"p38","scene1",1,"1.BGN"
"p38","scene1",2,"2.PLAN"
"p38","scene1",3,"3.PROC"
"p38","scene1",4,"4.PROC"
"p38","scene1",5,"5.PROC"
"p38","scene1",6,"6.PROC"
"p38","scene1",7,"7.PROC"
"p38","scene1",8,"8.PROC"
"p38","scene1",9,"9.HYPO"
"p38","scene1",10,"10.DEC"
"p38","scene1",11,"11.PROC"
"p38","scene1",12,"12.PLAN"
"p38","scene1",13,"13.RUL"
"p38","scene1",14,"14.RUL"
"p38","scene1",15,"15.FIN"
"p38","scene2",1,"1.BGN"
"p38","scene2",2,"2.PLAN"
"p38","scene2",3,"3.PROC"
"p38","scene2",4,"4.PROC"
"p38","scene2",5,"5.EVAL"
"p38","scene2",6,"6.EVAL"
"p38","scene2",7,"7.EVAL"
"p38","scene2",8,"8.PROC"
"p38","scene2",9,"9.PROC"
"p38","scene2",10,"10.HYPO"
"p38","scene2",11,"11.HYPO"
"p38","scene2",12,"12.HYPO"
"p38","scene2",13,"13.RUL"
"p38","scene2",14,"14.META"
"p38","scene2",15,"15.META"
"p38","scene2",16,"16.FIN"
"p38","scene3",1,"1.BGN"
"p38","scene3",2,"2.PLAN"
"p38","scene3",3,"3.PROC"
"p38","scene3",4,"4.PROC"
"p38","scene3",5,"5.PROC"
"p38","scene3",6,"6.PROC"
"p38","scene3",7,"7.PROC"
"p38","scene3",8,"8.PROC"
"p38","scene3",9,"9.PROC"
"p38","scene3",10,"10.PROC"
"p38","scene3",11,"11.EVAL"
"p38","scene3",12,"12.PLAN"
"p38","scene3",13,"13.PROC"
"p38","scene3",14,"14.PROC"
"p38","scene3",15,"15.META"
"p38","scene3",16,"16.HYPO"
"p38","scene3",17,"17.EVAL"
"p38","scene3",18,"18.META"
"p38","scene3",19,"19.RUL"
"p38","scene3",20,"20.DEC"
"p38","scene3",21,"21.FIN"
"p38","scene4",1,"1.BGN"
"p38","scene4",2,"2.PLAN"
"p38","scene4",3,"3.META"
"p38","scene4",4,"4.PROC"
"p38","scene4",5,"5.PROC"
"p38","scene4",6,"6.EVAL"
"p38","scene4",7,"7.PLAN"
"p38","scene4",8,"8.PROC"
"p38","scene4",9,"9.PROC"
"p38","scene4",10,"10.PROC"
"p38","scene4",11,"11.PROC"
"p38","scene4",12,"12.PROC"
"p38","scene4",13,"13.HYPO"
"p38","scene4",14,"14.EVAL"
"p38","scene4",15,"15.META"
"p38","scene4",16,"16.PROC"
"p38","scene4",17,"17.PROC"
"p38","scene4",18,"18.META"
"p38","scene4",19,"19.META"
"p38","scene4",20,"20.EVAL"
"p38","scene4",21,"21.EVAL"
"p38","scene4",22,"22.META"
"p38","scene4",23,"23.META"
"p38","scene4",24,"24.FIN"
"p38","scene5",1,"1.BGN"
"p38","scene5",2,"2.PROC"
"p38","scene5",3,"3.PROC"
"p38","scene5",4,"4.PLAN"
"p38","scene5",5,"5.PROC"
"p38","scene5",6,"6.PROC"
"p38","scene5",7,"7.HYPO"
"p38","scene5",8,"8.EVAL"
"p38","scene5",9,"9.PROC"
"p38","scene5",10,"10.RUL"
"p38","scene5",11,"11.DEC"
"p38","scene5",12,"12.DEC"
"p38","scene5",13,"13.META"
"p38","scene5",14,"14.META"
"p38","scene5",15,"15.META"
"p38","scene5",16,"16.RUL"
"p38","scene5",17,"17.DEC"
"p38","scene5",18,"18.FIN"
"p40","scene1",1,"1. BGN"
"p40","scene1",2,"2. ORI"
"p40","scene1",3,"3. META"
"p40","scene1",4,"4. HYPO"
"p40","scene1",5,"5. PROC"
"p40","scene1",6,"6. DEC"
"p40","scene1",7,"7. PROC"
"p40","scene1",8,"8. DEC"
"p40","scene1",9,"9. PLAN"
"p40","scene1",10,"10. RUL"
"p40","scene1",11,"11. META"
"p40","scene1",12,"12. META"
"p40","scene1",13,"13. META"
"p40","scene1",14,"14. META"
"p40","scene1",15,"15. PLAN"
"p40","scene1",16,"16. RUL"
"p40","scene1",17,"17. META"
"p40","scene1",18,"18. FIN"
"p40","scene2",1,"1. BGN"
"p40","scene2",2,"2. ORI"
"p40","scene2",3,"3. PROC"
"p40","scene2",4,"4. PLAN"
"p40","scene2",5,"5. PLAN"
"p40","scene2",6,"6. HYPO"
"p40","scene2",7,"7. HYPO"
"p40","scene2",8,"8. META"
"p40","scene2",9,"9. EVAL"
"p40","scene2",10,"10. EVAL"
"p40","scene2",11,"11. EVAL"
"p40","scene2",12,"12. META"
"p40","scene2",13,"13. HYPO"
"p40","scene2",14,"14. DEC"
"p40","scene2",15,"15. HYPO"
"p40","scene2",16,"16. EVAL"
"p40","scene2",17,"17. META"
"p40","scene2",18,"18. HYPO"
"p40","scene2",19,"19. FIN"
"p40","scene3",1,"1. BGN"
"p40","scene3",2,"2. PROC"
"p40","scene3",3,"3. PROC"
"p40","scene3",4,"4. PLAN"
"p40","scene3",5,"5. HYPO"
"p40","scene3",6,"6. DEC"
"p40","scene3",7,"7. HYPO"
"p40","scene3",8,"8. META"
"p40","scene3",9,"9. DEC"
"p40","scene3",10,"10. RUL"
"p40","scene3",11,"11. META"
"p40","scene3",12,"12. RUL"
"p40","scene3",13,"13. META"
"p40","scene3",14,"14. RUL"
"p40","scene3",15,"15. FIN"
"p40","scene4",1,"1. BGN"
"p40","scene4",2,"2. ORI"
"p40","scene4",3,"3. PROC"
"p40","scene4",4,"4. META"
"p40","scene4",5,"5. HYPO"
"p40","scene4",6,"6. EVAL"
"p40","scene4",7,"7. PROC"
"p40","scene4",8,"8. HYPO"
"p40","scene4",9,"9. DEC"
"p40","scene4",10,"10. RUL"
"p40","scene4",11,"11. RUL"
"p40","scene4",12,"12. META"
"p40","scene4",13,"13. META"
"p40","scene4",14,"14. RUL"
"p40","scene4",15,"15. DEC"
"p40","scene4",16,"16. META"
"p40","scene4",17,"17. FIN"
"p40","scene5",1,"1. BGN"
"p40","scene5",2,"2. PROC"
"p40","scene5",3,"3. META"
"p40","scene5",4,"4. PROC"
"p40","scene5",5,"5. META"
"p40","scene5",6,"6. EVAL"
"p40","scene5",7,"7. EVAL"
"p40","scene5",8,"8. META"
"p40","scene5",9,"9. HYPO"
"p40","scene5",10,"10. META"
"p40","scene5",11,"11. META"
"p40","scene5",12,"12. META"
"p40","scene5",13,"13. HYPO"
"p40","scene5",14,"14. DEC"
"p40","scene5",15,"15. RUL"
"p40","scene5",16,"16. RUL"
"p40","scene5",17,"17. FIN"
"p41","scene1",1,"1. BGN"
"p41","scene1",2,"2. PROC"
"p41","scene1",3,"3. PROC"
"p41","scene1",4,"4. HYPO"
"p41","scene1",5,"5. META"
"p41","scene1",6,"6. PROC"
"p41","scene1",7,"7. META"
"p41","scene1",8,"8. PROC"
"p41","scene1",9,"9. HYPO"
"p41","scene1",10,"10. FIN"
"p41","scene2",1,"1. BGN"
"p41","scene2",2,"2. PROC"
"p41","scene2",3,"3. PROC"
"p41","scene2",4,"4. PROC"
"p41","scene2",5,"5. META"
"p41","scene2",6,"6. META"
"p41","scene2",7,"7. EVAL"
"p41","scene2",8,"8. EVAL"
"p41","scene2",9,"9. HYPO"
"p41","scene2",10,"10. PROC"
"p41","scene2",11,"11. EVAL"
"p41","scene2",12,"12. HYPO"
"p41","scene2",13,"13. FIN"
"p41","scene3",1,"1. BGN"
"p41","scene3",2,"2. PROC"
"p41","scene3",3,"3. PROC"
"p41","scene3",4,"4. PROC"
"p41","scene3",5,"5. PROC"
"p41","scene3",6,"6. PROC"
"p41","scene3",7,"7. HYPO"
"p41","scene3",8,"8. PROC"
"p41","scene3",9,"9. EVAL"
"p41","scene3",10,"10. PROC"
"p41","scene3",11,"11. EVAL"
"p41","scene3",12,"12. EVAL"
"p41","scene3",13,"13. DEC"
"p41","scene3",14,"14. FIN"
"p41","scene4",1,"1. BGN"
"p41","scene4",2,"2. PROC"
"p41","scene4",3,"3. PROC"
"p41","scene4",4,"4. PROC"
"p41","scene4",5,"5. PROC"
"p41","scene4",6,"6. EVAL"
"p41","scene4",7,"7. PROC"
"p41","scene4",8,"8. EVAL"
"p41","scene4",9,"9. META"
"p41","scene4",10,"10. PROC"
"p41","scene4",11,"11. EVAL"
"p41","scene4",12,"12. META"
"p41","scene4",13,"13. PROC"
"p41","scene4",14,"14. FIN"
"p41","scene5",1,"1. BGN"
"p41","scene5",2,"2. PROC"
"p41","scene5",3,"3. PROC"
"p41","scene5",4,"4. PROC"
"p41","scene5",5,"5. EVAL"
"p41","scene5",6,"6. PROC"
"p41","scene5",7,"7. HYPO"
"p41","scene5",8,"8. HYPO"
"p41","scene5",9,"9. EVAL"
"p41","scene5",10,"10. META"
"p41","scene5",11,"11. HYPO"
"p41","scene5",12,"12. EVAL"
"p41","scene5",13,"13. FIN"
"p42","scene1",1,"1. BGN"
"p42","scene1",2,"2. PLAN"
"p42","scene1",3,"3. PROC"
"p42","scene1",4,"4. META"
"p42","scene1",5,"5. PROC"
"p42","scene1",6,"6. PROC"
"p42","scene1",7,"7. PROC"
"p42","scene1",8,"8. PROC"
"p42","scene1",9,"9. PROC"
"p42","scene1",10,"10. DEC"
"p42","scene1",11,"11. RUL"
"p42","scene1",12,"12. FIN"
"p42","scene2",1,"1. BGN"
"p42","scene2",2,"2. PLAN"
"p42","scene2",3,"3. HYPO"
"p42","scene2",4,"4. PROC"
"p42","scene2",5,"5. PROC"
"p42","scene2",6,"6. DEC"
"p42","scene2",7,"7. META"
"p42","scene2",8,"8. PROC"
"p42","scene2",9,"9. FIN"
"p42","scene3",1,"1. BGN"
"p42","scene3",2,"2. PLAN"
"p42","scene3",3,"3. PROC"
"p42","scene3",4,"4. PLAN"
"p42","scene3",5,"5. HYPO"
"p42","scene3",6,"6. DEC"
"p42","scene3",7,"7. HYPO"
"p42","scene3",8,"8. DEC"
"p42","scene3",9,"9. RUL"
"p42","scene3",10,"10. FIN"
"p42","scene4",1,"1. BGN"
"p42","scene4",2,"2. PROC"
"p42","scene4",3,"3. META"
"p42","scene4",4,"4. HYPO"
"p42","scene4",5,"5. PROC"
"p42","scene4",6,"6. META"
"p42","scene4",7,"7. META"
"p42","scene4",8,"8. HYPO"
"p42","scene4",9,"9. HYPO"
"p42","scene4",10,"10. RUL"
"p42","scene4",11,"11. FIN"
"p42","scene5",1,"1. BGN"
"p42","scene5",2,"2. PROC"
"p42","scene5",3,"3. PROC"
"p42","scene5",4,"4. EVAL"
"p42","scene5",5,"5. RUL"
"p42","scene5",6,"6. FIN"
